{"stats":{"minecraft:killed":{"luminousworld:crab":1,"born_in_chaos_v1:corpse_fly":1,"minecraft:silverfish":2},"minecraft:used":{"minecraft:stone_pickaxe":104,"minecraft:wooden_pickaxe":42,"minecraft:torch":7,"minecraft:dirt":67,"minecraft:crafting_table":2,"minecraft:wooden_axe":17,"minecraft:lantern":3,"quark:pickarang":126,"minecraft:bread":20,"minecraft:iron_pickaxe":10,"minecraft:golden_carrot":2,"minecraft:cobblestone":48,"minecraft:sweet_berries":6,"minecraft:furnace":1,"minecraft:cooked_porkchop":1,"tombstone:gift":4,"minecraft:yellow_bed":2,"alexsmobs:animal_dictionary":1},"minecraft:crafted":{"minecraft:wooden_sword":1,"minecraft:oak_planks":36,"minecraft:cooked_porkchop":1,"minecraft:crafting_table":1,"minecraft:spruce_planks":44,"minecraft:wooden_pickaxe":1,"quark:sturdy_stone":1,"minecraft:furnace":1,"minecraft:cobblestone":9,"minecraft:stick":52,"minecraft:iron_ingot":3,"minecraft:stone_pickaxe":1,"minecraft:wooden_axe":2},"minecraft:picked_up":{"born_in_chaos_v1:corpse_maggot":2,"minecraft:crafting_table":3,"minecraft:iron_chestplate":1,"minecraft:leather_chestplate":2,"minecraft:wheat":1,"minecraft:golden_carrot":2,"luminousworld:ishstone":2,"minecraft:leather_leggings":2,"minecraft:oak_log":10,"tombstone:grave_key":10,"minecraft:yellow_bed":3,"minecraft:shield":1,"minecraft:gunpowder":2,"minecraft:string":5,"minecraft:dirt":139,"minecraft:lantern":3,"minecraft:iron_leggings":1,"born_in_chaos_v1:monster_skin":1,"minecraft:leather_boots":2,"minecraft:iron_shovel":1,"minecraft:bone":6,"minecraft:wheat_seeds":6,"quark:pickarang":1,"minecraft:rose_bush":1,"born_in_chaos_v1:gnawed_bones":1,"minecraft:iron_pickaxe":1,"minecraft:oak_planks":1,"minecraft:furnace":1,"minecraft:iron_boots":1,"minecraft:egg":1,"minecraft:scaffolding":2,"minecraft:stick":1,"minecraft:raw_iron":3,"born_in_chaos_v1:shattered_skull":1,"minecraft:sweet_berries":5,"ecologics:coconut_slice":2,"minecraft:oak_fence":1,"minecraft:torch":29,"ecologics:coconut_seedling":3,"minecraft:porkchop":4,"tombstone:grave_dust":1,"luminousworld:raw_squirrel":1,"minecraft:spruce_log":11,"minecraft:leather_helmet":2,"minecraft:rotten_flesh":4,"minecraft:hay_block":5,"minecraft:iron_helmet":1,"minecraft:golden_apple":1,"minecraft:bread":29,"minecraft:oak_sapling":3,"minecraft:coal":55,"minecraft:cobblestone":59,"minecraft:ender_pearl":1},"minecraft:killed_by":{"minecraft:player":4,"undead_revamp2:the_moonflower":3,"born_in_chaos_v1:nightmare_stalker":1,"minecraft:skeleton":6,"minecraft:spider":1,"earthmobsmod:lobber_zombie":1,"minecraft:zombie":1,"luminousworld:frost_bitten_skeleton":2,"enemyexpansion:direwolf":2,"enemyexpansion:equestrian":1,"alexsmobs:tusklin":2,"enemyexpansion:huntsman":1,"born_in_chaos_v1:dread_hound":1},"minecraft:mined":{"minecraft:scaffolding":2,"minecraft:farmland":1,"luminousworld:grassvariant_4":3,"luminousworld:mossbuds_1":1,"minecraft:torch":1,"minecraft:crafting_table":3,"minecraft:grass_block":96,"minecraft:rose_bush":2,"luminousworld:grassvariant_2":4,"minecraft:tall_grass":4,"minecraft:cobblestone":11,"luminousworld:blackberrybush":3,"minecraft:spruce_leaves":5,"minecraft:oak_planks":1,"minecraft:wall_torch":1,"minecraft:large_fern":1,"luminousworld:sunset_petunias":1,"minecraft:furnace":1,"minecraft:iron_ore":1,"minecraft:wheat":9,"minecraft:lilac":5,"minecraft:spruce_log":11,"luminousworld:mossbuds_3":1,"minecraft:yellow_bed":3,"minecraft:grass":11,"minecraft:coal_ore":54,"minecraft:oak_log":10,"luminousworld:ishstone":2,"minecraft:dirt_path":3,"minecraft:lantern":3,"minecraft:dirt":44,"luminousworld:grassvariant_3":3,"minecraft:stone":55,"minecraft:oak_leaves":12},"minecraft:dropped":{"minecraft:porkchop":4,"minecraft:wheat_seeds":6,"minecraft:rotten_flesh":2,"minecraft:hay_block":5,"minecraft:spruce_planks":17,"tombstone:grave_key":12,"minecraft:rose_bush":1,"minecraft:yellow_bed":1,"minecraft:oak_sapling":2,"minecraft:string":5},"minecraft:custom":{"minecraft:interact_with_furnace":12,"minecraft:mob_kills":6,"minecraft:interact_with_crafting_table":27,"minecraft:leave_game":5,"minecraft:time_since_death":28228,"minecraft:sleep_in_bed":6,"minecraft:climb_one_cm":4172,"minecraft:time_since_rest":26449,"minecraft:damage_taken":8839,"minecraft:sprint_one_cm":951541,"minecraft:walk_one_cm":518481,"minecraft:drop":23,"minecraft:damage_dealt":780,"minecraft:swim_one_cm":64944,"minecraft:fly_one_cm":533808,"minecraft:open_chest":2,"minecraft:crouch_one_cm":251,"minecraft:play_time":246198,"minecraft:deaths":32,"minecraft:sneak_time":67,"minecraft:walk_under_water_one_cm":18730,"minecraft:boat_one_cm":56600,"minecraft:jump":4198,"minecraft:walk_on_water_one_cm":68966,"minecraft:total_world_time":246198,"minecraft:fall_one_cm":80557}},"DataVersion":3465}