{"stats":{"minecraft:custom":{"minecraft:jump":54,"minecraft:time_since_rest":1230,"minecraft:damage_taken":515,"minecraft:crouch_one_cm":103,"minecraft:leave_game":1,"minecraft:play_time":16236,"minecraft:sprint_one_cm":4634,"minecraft:time_since_death":3629,"minecraft:walk_one_cm":13607,"minecraft:deaths":2,"minecraft:sneak_time":16,"minecraft:total_world_time":16236,"minecraft:fall_one_cm":2124,"minecraft:fly_one_cm":6729},"minecraft:used":{"alexsmobs:animal_dictionary":1},"minecraft:killed_by":{"minecraft:player":1,"undead_revamp2:the_moonflower":1}},"DataVersion":3465}