{"stats":{"minecraft:dropped":{"minecraft:wheat_seeds":6,"minecraft:spruce_planks":17,"tombstone:grave_key":12,"minecraft:oak_sapling":1},"minecraft:used":{"minecraft:stone_pickaxe":102,"minecraft:wooden_pickaxe":42,"minecraft:crafting_table":2,"minecraft:wooden_axe":11,"minecraft:bread":3,"minecraft:cobblestone":9,"minecraft:furnace":1,"tombstone:gift":4,"alexsmobs:animal_dictionary":1},"minecraft:picked_up":{"minecraft:iron_chestplate":1,"born_in_chaos_v1:corpse_maggot":2,"minecraft:wheat":1,"minecraft:leather_chestplate":2,"minecraft:crafting_table":3,"minecraft:leather_leggings":2,"minecraft:oak_log":9,"tombstone:grave_key":10,"minecraft:shield":1,"minecraft:gunpowder":2,"minecraft:lantern":3,"minecraft:dirt":84,"minecraft:string":3,"minecraft:iron_leggings":1,"born_in_chaos_v1:monster_skin":1,"minecraft:leather_boots":2,"minecraft:iron_shovel":1,"minecraft:bone":6,"minecraft:wheat_seeds":6,"minecraft:rose_bush":1,"born_in_chaos_v1:gnawed_bones":1,"minecraft:iron_pickaxe":1,"minecraft:iron_boots":1,"minecraft:furnace":1,"minecraft:scaffolding":2,"minecraft:stick":1,"minecraft:raw_iron":3,"ecologics:coconut_slice":2,"minecraft:oak_fence":1,"minecraft:torch":1,"ecologics:coconut_seedling":3,"luminousworld:raw_squirrel":1,"tombstone:grave_dust":1,"minecraft:spruce_log":11,"minecraft:leather_helmet":2,"minecraft:rotten_flesh":2,"minecraft:iron_helmet":1,"minecraft:hay_block":5,"minecraft:bread":3,"minecraft:oak_sapling":1,"minecraft:coal":54,"minecraft:cobblestone":24,"minecraft:ender_pearl":1},"minecraft:killed_by":{"minecraft:player":4,"undead_revamp2:the_moonflower":1,"born_in_chaos_v1:nightmare_stalker":1,"minecraft:skeleton":2,"minecraft:zombie":1,"luminousworld:frost_bitten_skeleton":2,"alexsmobs:tusklin":2,"enemyexpansion:huntsman":1,"born_in_chaos_v1:dread_hound":1},"minecraft:crafted":{"minecraft:wooden_sword":1,"minecraft:oak_planks":36,"minecraft:crafting_table":1,"minecraft:spruce_planks":44,"minecraft:wooden_pickaxe":1,"quark:sturdy_stone":1,"minecraft:furnace":1,"minecraft:cobblestone":9,"minecraft:stick":52,"minecraft:iron_ingot":3,"minecraft:stone_pickaxe":1,"minecraft:wooden_axe":2},"minecraft:killed":{"luminousworld:crab":1,"born_in_chaos_v1:corpse_fly":1,"minecraft:silverfish":2},"minecraft:mined":{"minecraft:scaffolding":2,"minecraft:farmland":1,"luminousworld:grassvariant_4":1,"minecraft:crafting_table":3,"minecraft:torch":1,"minecraft:grass_block":55,"luminousworld:grassvariant_2":3,"minecraft:tall_grass":3,"minecraft:cobblestone":7,"minecraft:spruce_leaves":1,"luminousworld:sunset_petunias":1,"minecraft:furnace":1,"minecraft:iron_ore":1,"minecraft:wheat":9,"minecraft:lilac":5,"minecraft:spruce_log":11,"minecraft:grass":7,"minecraft:oak_log":9,"minecraft:coal_ore":53,"minecraft:dirt_path":3,"minecraft:lantern":3,"minecraft:dirt":28,"luminousworld:grassvariant_3":2,"minecraft:stone":18,"minecraft:oak_leaves":4},"minecraft:custom":{"minecraft:interact_with_furnace":11,"minecraft:mob_kills":6,"minecraft:interact_with_crafting_table":27,"minecraft:leave_game":2,"minecraft:time_since_death":11014,"minecraft:sleep_in_bed":6,"minecraft:climb_one_cm":1001,"minecraft:time_since_rest":10518,"minecraft:sprint_one_cm":328381,"minecraft:damage_taken":4814,"minecraft:walk_one_cm":264149,"minecraft:drop":15,"minecraft:damage_dealt":531,"minecraft:swim_one_cm":2077,"minecraft:fly_one_cm":202845,"minecraft:open_chest":2,"minecraft:crouch_one_cm":245,"minecraft:play_time":119423,"minecraft:deaths":19,"minecraft:sneak_time":45,"minecraft:walk_under_water_one_cm":2663,"minecraft:boat_one_cm":56600,"minecraft:jump":1527,"minecraft:walk_on_water_one_cm":5655,"minecraft:total_world_time":119423,"minecraft:fall_one_cm":27915}},"DataVersion":3465}