{"stats":{"minecraft:mined":{"minecraft:spruce_log":11,"minecraft:crafting_table":1,"minecraft:grass":1,"minecraft:grass_block":43,"minecraft:dirt":22,"minecraft:spruce_leaves":1},"minecraft:custom":{"minecraft:time_since_rest":2990,"minecraft:sprint_one_cm":141025,"minecraft:damage_taken":3118,"minecraft:walk_one_cm":100940,"minecraft:mob_kills":1,"minecraft:drop":1,"minecraft:damage_dealt":99,"minecraft:interact_with_crafting_table":4,"minecraft:fly_one_cm":114984,"minecraft:crouch_one_cm":245,"minecraft:play_time":52236,"minecraft:deaths":13,"minecraft:sneak_time":40,"minecraft:jump":844,"minecraft:leave_game":1,"minecraft:time_since_death":3397,"minecraft:total_world_time":52236,"minecraft:fall_one_cm":19909},"minecraft:crafted":{"minecraft:wooden_sword":1,"minecraft:crafting_table":1,"minecraft:spruce_planks":44,"minecraft:stick":36,"minecraft:wooden_axe":1},"minecraft:used":{"minecraft:wooden_axe":1,"minecraft:crafting_table":1,"alexsmobs:animal_dictionary":1,"tombstone:gift":4},"minecraft:picked_up":{"minecraft:crafting_table":1,"tombstone:grave_key":2,"minecraft:gunpowder":2,"luminousworld:raw_squirrel":1,"tombstone:grave_dust":1,"minecraft:spruce_log":11,"minecraft:dirt":61,"minecraft:bone":2,"minecraft:rotten_flesh":2,"born_in_chaos_v1:gnawed_bones":1},"minecraft:dropped":{"minecraft:spruce_planks":17},"minecraft:killed_by":{"minecraft:player":2,"undead_revamp2:the_moonflower":1,"enemyexpansion:huntsman":1,"alexsmobs:tusklin":2,"minecraft:skeleton":1,"minecraft:zombie":1,"luminousworld:frost_bitten_skeleton":2}},"DataVersion":3465}