{"stats":{"minecraft:dropped":{"minecraft:spruce_planks":17,"tombstone:grave_key":12},"minecraft:used":{"minecraft:stone_pickaxe":63,"minecraft:wooden_pickaxe":42,"minecraft:crafting_table":2,"minecraft:wooden_axe":7,"minecraft:bread":3,"minecraft:cobblestone":9,"minecraft:furnace":1,"tombstone:gift":4,"alexsmobs:animal_dictionary":1},"minecraft:picked_up":{"born_in_chaos_v1:corpse_maggot":2,"minecraft:wheat":1,"minecraft:leather_chestplate":2,"minecraft:crafting_table":2,"minecraft:leather_leggings":2,"minecraft:oak_log":9,"tombstone:grave_key":10,"minecraft:gunpowder":2,"minecraft:dirt":77,"minecraft:string":3,"minecraft:leather_boots":2,"minecraft:iron_shovel":1,"minecraft:bone":6,"minecraft:wheat_seeds":5,"born_in_chaos_v1:gnawed_bones":1,"minecraft:iron_pickaxe":1,"minecraft:scaffolding":2,"minecraft:stick":1,"minecraft:raw_iron":3,"ecologics:coconut_slice":2,"minecraft:oak_fence":1,"minecraft:torch":1,"ecologics:coconut_seedling":3,"luminousworld:raw_squirrel":1,"tombstone:grave_dust":1,"minecraft:spruce_log":11,"minecraft:leather_helmet":2,"minecraft:rotten_flesh":2,"minecraft:hay_block":5,"minecraft:bread":3,"minecraft:oak_sapling":1,"minecraft:coal":44,"minecraft:cobblestone":23,"minecraft:ender_pearl":1},"minecraft:killed_by":{"minecraft:player":4,"undead_revamp2:the_moonflower":1,"minecraft:skeleton":2,"minecraft:zombie":1,"luminousworld:frost_bitten_skeleton":2,"alexsmobs:tusklin":2,"enemyexpansion:huntsman":1,"born_in_chaos_v1:dread_hound":1},"minecraft:crafted":{"minecraft:wooden_sword":1,"minecraft:oak_planks":16,"minecraft:crafting_table":1,"minecraft:spruce_planks":44,"minecraft:wooden_pickaxe":1,"quark:sturdy_stone":1,"minecraft:furnace":1,"minecraft:cobblestone":9,"minecraft:stick":52,"minecraft:iron_ingot":3,"minecraft:stone_pickaxe":1,"minecraft:wooden_axe":2},"minecraft:killed":{"luminousworld:crab":1,"born_in_chaos_v1:corpse_fly":1,"minecraft:silverfish":2},"minecraft:mined":{"minecraft:scaffolding":2,"minecraft:crafting_table":2,"minecraft:torch":1,"minecraft:grass_block":53,"luminousworld:grassvariant_2":1,"minecraft:tall_grass":2,"minecraft:cobblestone":6,"minecraft:spruce_leaves":1,"minecraft:iron_ore":1,"minecraft:wheat":3,"minecraft:lilac":1,"minecraft:spruce_log":11,"minecraft:grass":2,"minecraft:oak_log":9,"minecraft:coal_ore":42,"minecraft:dirt":27,"luminousworld:grassvariant_3":1,"minecraft:stone":18,"minecraft:oak_leaves":4},"minecraft:custom":{"minecraft:interact_with_furnace":10,"minecraft:mob_kills":6,"minecraft:interact_with_crafting_table":27,"minecraft:leave_game":2,"minecraft:time_since_death":2929,"minecraft:sleep_in_bed":6,"minecraft:climb_one_cm":1001,"minecraft:time_since_rest":1623,"minecraft:sprint_one_cm":288794,"minecraft:damage_taken":4431,"minecraft:walk_one_cm":245933,"minecraft:drop":13,"minecraft:damage_dealt":531,"minecraft:swim_one_cm":2077,"minecraft:fly_one_cm":187383,"minecraft:open_chest":2,"minecraft:crouch_one_cm":245,"minecraft:play_time":107423,"minecraft:deaths":18,"minecraft:sneak_time":45,"minecraft:walk_under_water_one_cm":2663,"minecraft:jump":1416,"minecraft:walk_on_water_one_cm":5254,"minecraft:total_world_time":107423,"minecraft:fall_one_cm":24755}},"DataVersion":3465}