{"stats":{"minecraft:custom":{"minecraft:jump":44,"minecraft:time_since_rest":1,"minecraft:leave_game":1,"minecraft:crouch_one_cm":103,"minecraft:deaths":2,"minecraft:sprint_one_cm":2746,"minecraft:play_time":13245,"minecraft:damage_taken":495,"minecraft:time_since_death":638,"minecraft:walk_one_cm":8085,"minecraft:sneak_time":16,"minecraft:total_world_time":13245,"minecraft:fall_one_cm":2124,"minecraft:fly_one_cm":4075},"minecraft:used":{"alexsmobs:animal_dictionary":1},"minecraft:killed_by":{"minecraft:player":1,"undead_revamp2:the_moonflower":1}},"DataVersion":3465}