{"stats":{"minecraft:mined":{"minecraft:grass_block":11,"minecraft:dirt":3},"minecraft:custom":{"minecraft:time_since_rest":456,"minecraft:crouch_one_cm":107,"minecraft:sprint_one_cm":42086,"minecraft:play_time":28236,"minecraft:deaths":5,"minecraft:damage_taken":1113,"minecraft:walk_one_cm":45073,"minecraft:sneak_time":28,"minecraft:mob_kills":1,"minecraft:jump":260,"minecraft:damage_dealt":86,"minecraft:leave_game":1,"minecraft:time_since_death":1177,"minecraft:total_world_time":28236,"minecraft:fall_one_cm":4961,"minecraft:fly_one_cm":23598},"minecraft:used":{"tombstone:gift":4,"alexsmobs:animal_dictionary":1},"minecraft:picked_up":{"minecraft:rotten_flesh":1,"minecraft:dirt":14},"minecraft:killed_by":{"minecraft:zombie":1,"minecraft:player":1,"luminousworld:frost_bitten_skeleton":2,"undead_revamp2:the_moonflower":1}},"DataVersion":3465}