{"stats":{"minecraft:dropped":{"minecraft:wheat_seeds":6,"minecraft:hay_block":5,"minecraft:spruce_planks":17,"tombstone:grave_key":12,"minecraft:oak_sapling":1},"minecraft:used":{"minecraft:stone_pickaxe":104,"minecraft:wooden_pickaxe":42,"minecraft:dirt":9,"minecraft:crafting_table":2,"minecraft:wooden_axe":17,"minecraft:bread":9,"minecraft:iron_pickaxe":7,"minecraft:cobblestone":9,"minecraft:furnace":1,"tombstone:gift":4,"alexsmobs:animal_dictionary":1},"minecraft:picked_up":{"minecraft:wheat":1,"born_in_chaos_v1:corpse_maggot":2,"minecraft:crafting_table":3,"minecraft:iron_chestplate":1,"minecraft:leather_chestplate":2,"minecraft:leather_leggings":2,"minecraft:oak_log":9,"tombstone:grave_key":10,"minecraft:yellow_bed":3,"minecraft:shield":1,"minecraft:gunpowder":2,"minecraft:dirt":90,"minecraft:string":3,"minecraft:lantern":3,"minecraft:iron_leggings":1,"born_in_chaos_v1:monster_skin":1,"minecraft:leather_boots":2,"minecraft:iron_shovel":1,"minecraft:bone":6,"minecraft:wheat_seeds":6,"minecraft:rose_bush":1,"born_in_chaos_v1:gnawed_bones":1,"minecraft:iron_pickaxe":1,"minecraft:oak_planks":1,"minecraft:egg":1,"minecraft:iron_boots":1,"minecraft:furnace":1,"minecraft:scaffolding":2,"minecraft:stick":1,"minecraft:raw_iron":3,"born_in_chaos_v1:shattered_skull":1,"ecologics:coconut_slice":2,"minecraft:oak_fence":1,"minecraft:torch":1,"ecologics:coconut_seedling":3,"tombstone:grave_dust":1,"luminousworld:raw_squirrel":1,"minecraft:spruce_log":11,"minecraft:leather_helmet":2,"minecraft:rotten_flesh":4,"minecraft:iron_helmet":1,"minecraft:hay_block":5,"minecraft:bread":18,"minecraft:oak_sapling":2,"minecraft:coal":54,"minecraft:cobblestone":29,"minecraft:ender_pearl":1},"minecraft:killed_by":{"minecraft:player":4,"undead_revamp2:the_moonflower":2,"born_in_chaos_v1:nightmare_stalker":1,"minecraft:skeleton":5,"minecraft:spider":1,"earthmobsmod:lobber_zombie":1,"minecraft:zombie":1,"luminousworld:frost_bitten_skeleton":2,"enemyexpansion:equestrian":1,"alexsmobs:tusklin":2,"enemyexpansion:huntsman":1,"born_in_chaos_v1:dread_hound":1},"minecraft:crafted":{"minecraft:wooden_sword":1,"minecraft:oak_planks":36,"minecraft:crafting_table":1,"minecraft:spruce_planks":44,"quark:sturdy_stone":1,"minecraft:wooden_pickaxe":1,"minecraft:furnace":1,"minecraft:cobblestone":9,"minecraft:stick":52,"minecraft:iron_ingot":3,"minecraft:stone_pickaxe":1,"minecraft:wooden_axe":2},"minecraft:killed":{"luminousworld:crab":1,"born_in_chaos_v1:corpse_fly":1,"minecraft:silverfish":2},"minecraft:mined":{"minecraft:scaffolding":2,"minecraft:farmland":1,"luminousworld:grassvariant_4":1,"luminousworld:mossbuds_1":1,"minecraft:crafting_table":3,"minecraft:torch":1,"minecraft:grass_block":61,"minecraft:rose_bush":2,"luminousworld:grassvariant_2":3,"luminousworld:blackberrybush":2,"minecraft:tall_grass":4,"minecraft:cobblestone":7,"minecraft:spruce_leaves":3,"minecraft:oak_planks":1,"luminousworld:sunset_petunias":1,"minecraft:furnace":1,"minecraft:iron_ore":1,"minecraft:wheat":9,"minecraft:lilac":5,"minecraft:spruce_log":11,"luminousworld:mossbuds_3":1,"minecraft:yellow_bed":3,"minecraft:grass":7,"minecraft:oak_log":9,"minecraft:coal_ore":53,"minecraft:dirt_path":3,"minecraft:lantern":3,"minecraft:dirt":28,"luminousworld:grassvariant_3":2,"minecraft:stone":25,"minecraft:oak_leaves":9},"minecraft:custom":{"minecraft:interact_with_furnace":11,"minecraft:mob_kills":6,"minecraft:interact_with_crafting_table":27,"minecraft:leave_game":4,"minecraft:time_since_death":2708,"minecraft:sleep_in_bed":6,"minecraft:climb_one_cm":1001,"minecraft:time_since_rest":309,"minecraft:sprint_one_cm":559871,"minecraft:damage_taken":6661,"minecraft:walk_one_cm":332113,"minecraft:drop":16,"minecraft:damage_dealt":722,"minecraft:swim_one_cm":23896,"minecraft:fly_one_cm":359041,"minecraft:open_chest":2,"minecraft:crouch_one_cm":251,"minecraft:play_time":166243,"minecraft:deaths":26,"minecraft:sneak_time":55,"minecraft:walk_under_water_one_cm":3878,"minecraft:boat_one_cm":56600,"minecraft:jump":2475,"minecraft:walk_on_water_one_cm":28133,"minecraft:total_world_time":166243,"minecraft:fall_one_cm":44312}},"DataVersion":3465}