{"stats":{"minecraft:mined":{"minecraft:farmland":1,"luminousworld:grassvariant_4":6,"luminousworld:autumnleaves":5,"minecraft:dark_oak_log":3,"luminousworld:mossbuds_1":1,"minecraft:grass_block":119,"luminousworld:grassvariant_2":6,"luminousworld:whiteoakleaves":1,"luminousworld:blackberrybush":3,"quark:acacia_chest":2,"minecraft:spruce_leaves":5,"luminousworld:savanna_grass_2":13,"minecraft:large_fern":1,"luminousworld:sunset_petunias":1,"minecraft:furnace":1,"minecraft:iron_ore":1,"minecraft:fire":8,"minecraft:acacia_wood":2,"luminousworld:mossbuds_3":1,"minecraft:dirt_path":3,"minecraft:lantern":3,"minecraft:stone":55,"minecraft:scaffolding":2,"iceandfire:podium_acacia":1,"minecraft:crafting_table":3,"minecraft:torch":1,"luminousworld:savannah_grass_1":3,"minecraft:rose_bush":2,"luminousworld:auburnlog":10,"minecraft:tall_grass":5,"minecraft:cobblestone":11,"minecraft:oak_planks":4,"minecraft:wall_torch":1,"luminousworld:whiteoaklog":13,"minecraft:wheat":11,"minecraft:lilac":5,"minecraft:spruce_log":11,"minecraft:birch_leaves":30,"luminousworld:autumnplank":1,"minecraft:yellow_bed":3,"minecraft:grass":21,"minecraft:oak_log":66,"minecraft:coal_ore":54,"luminousworld:ishstone":2,"minecraft:sand":2,"minecraft:dirt":44,"luminousworld:grassvariant_3":6,"luminousworld:savannah_grass_4":10,"minecraft:oak_leaves":80},"minecraft:killed":{"ad_astra:zombified_pygro":1,"born_in_chaos_v1:siamese_skeletonsright":1,"ad_astra:pygro":1,"minecraft:silverfish":2,"luminousworld:savannah_zombie":1,"minecraft:pig":1,"luminousworld:crab":1,"minecraft:pillager":1,"minecraft:zombie":2,"born_in_chaos_v1:corpse_fly":1,"enemyexpansion:wasp":2},"minecraft:custom":{"minecraft:mob_kills":18,"minecraft:interact_with_crafting_table":32,"minecraft:damage_dealt_resisted":240,"minecraft:leave_game":10,"minecraft:time_since_death":31797,"minecraft:climb_one_cm":4271,"minecraft:sprint_one_cm":1177827,"minecraft:walk_one_cm":798709,"minecraft:drop":54,"minecraft:play_time":370340,"minecraft:deaths":50,"minecraft:sneak_time":1204,"minecraft:walk_under_water_one_cm":22607,"minecraft:boat_one_cm":56600,"minecraft:jump":5007,"minecraft:walk_on_water_one_cm":80584,"minecraft:total_world_time":370340,"minecraft:interact_with_furnace":13,"tombstone:raider_killed":1,"minecraft:sleep_in_bed":6,"minecraft:time_since_rest":29398,"minecraft:damage_taken":14335,"minecraft:damage_absorbed":40,"minecraft:damage_dealt":4542,"minecraft:swim_one_cm":74329,"minecraft:fly_one_cm":858652,"minecraft:player_kills":2,"minecraft:open_chest":10,"minecraft:crouch_one_cm":6164,"tombstone:undead_killed":5,"minecraft:fall_one_cm":93841},"minecraft:crafted":{"minecraft:wooden_sword":1,"minecraft:oak_planks":256,"quark:sturdy_stone":1,"minecraft:furnace":1,"luminousworld:white_oak_plank":52,"minecraft:stone_pickaxe":1,"luminousworld:autumnplank":40,"minecraft:cooked_porkchop":1,"minecraft:crafting_table":1,"minecraft:spruce_planks":44,"minecraft:wooden_pickaxe":1,"minecraft:cobblestone":9,"minecraft:stick":52,"minecraft:iron_ingot":3,"minecraft:wooden_axe":2},"minecraft:used":{"supplementaries:turn_table":1,"supplementaries:crystal_display":2,"minecraft:iron_sword":81,"minecraft:iron_chestplate":3,"supplementaries:globe":1,"minecraft:torch":7,"minecraft:dirt":67,"minecraft:wooden_axe":17,"friendsandfoes:totem_of_illusion":2,"quark:cherry_ladder":3,"minecraft:lantern":3,"minecraft:iron_axe":45,"minecraft:iron_helmet":3,"minecraft:iron_boots":4,"minecraft:golden_carrot":2,"minecraft:sweet_berries":6,"minecraft:furnace":1,"tombstone:gift":4,"minecraft:iron_leggings":3,"luminousworld:autumnplank":12,"minecraft:birch_planks":1,"supplementaries:netherite_door":1,"minecraft:stone_pickaxe":104,"minecraft:oak_planks":223,"minecraft:wooden_pickaxe":42,"luminousworld:white_oak_plank":34,"minecraft:golden_apple":4,"minecraft:crafting_table":2,"minecraft:dark_oak_log":1,"quark:pickarang":534,"minecraft:bread":37,"minecraft:iron_pickaxe":15,"minecraft:cobblestone":48,"minecraft:cooked_porkchop":1,"minecraft:yellow_bed":2,"alexsmobs:animal_dictionary":1},"minecraft:picked_up":{"minecraft:wooden_axe":2,"minecraft:crafting_table":3,"minecraft:iron_chestplate":6,"minecraft:wheat":3,"minecraft:leather_leggings":2,"minecraft:wooden_pickaxe":1,"friendsandfoes:totem_of_illusion":2,"enemyexpansion:wasp_thorax":1,"ad_astra:tier_4_rocket":1,"tombstone:grave_key":10,"minecraft:shield":7,"minecraft:string":28,"supplementaries:globe":1,"minecraft:iron_axe":4,"minecraft:iron_leggings":6,"minecraft:iron_shovel":2,"iceandfire:bestiary":1,"minecraft:rose_bush":1,"born_in_chaos_v1:gnawed_bones":1,"minecraft:iron_pickaxe":6,"iceandfire:podium_acacia":1,"minecraft:birch_sapling":1,"minecraft:furnace":3,"minecraft:iron_boots":6,"minecraft:egg":1,"minecraft:stick":15,"minecraft:raw_iron":4,"iceandfire:dragonbone":1,"luminousworld:auburnlog":10,"born_in_chaos_v1:shattered_skull":2,"ecologics:coconut_slice":4,"minecraft:oak_fence":2,"minecraft:torch":29,"ecologics:coconut_seedling":6,"supplementaries:bamboo_spikes_tipped":1,"sophisticatedbackpacks:backpack":3,"minecraft:porkchop":8,"tombstone:grave_dust":2,"luminousworld:beastiary":1,"luminousworld:raw_squirrel":1,"ad_astra:mars_sand":88,"luminousworld:white_oak_sapling":1,"minecraft:rotten_flesh":8,"quark:acacia_chest":2,"minecraft:hay_block":5,"tombstone:essence_of_undeath":1,"minecraft:cobblestone":61,"minecraft:birch_log":2,"born_in_chaos_v1:corpse_maggot":6,"minecraft:leather_chestplate":2,"minecraft:golden_carrot":2,"born_in_chaos_v1:monster_flesh":1,"ad_astra:venus_sandstone":63,"luminousworld:ishstone":4,"minecraft:potato":1,"minecraft:birch_planks":1,"minecraft:oak_log":66,"minecraft:yellow_bed":3,"minecraft:gunpowder":3,"mowziesmobs:wrought_axe":1,"minecraft:dirt":161,"minecraft:lantern":3,"minecraft:name_tag":1,"born_in_chaos_v1:monster_skin":2,"minecraft:leather_boots":2,"minecraft:bone":11,"ad_astra:venus_sand":106,"minecraft:wheat_seeds":9,"ad_astra:launch_pad":1,"minecraft:iron_ingot":5,"minecraft:stone_pickaxe":1,"quark:pickarang":4,"luminousworld:white_petunias":2,"luminousworld:autumnplank":1,"minecraft:iron_sword":4,"minecraft:oak_planks":28,"minecraft:honeycomb":1,"minecraft:scaffolding":4,"minecraft:sweet_berries":5,"ad_astra:venus_cobblestone":5,"minecraft:sand":4,"sophisticatedbackpacks:iron_backpack":1,"minecraft:spruce_log":11,"minecraft:dark_oak_log":3,"minecraft:leather_helmet":2,"luminousworld:whiteoaklog":13,"minecraft:mangrove_wood":5,"minecraft:iron_helmet":6,"supplementaries:bubble_blower":1,"luminousworld:auburn_sapling":2,"minecraft:golden_apple":4,"minecraft:bread":91,"minecraft:oak_sapling":7,"minecraft:dark_oak_fence":1,"minecraft:coal":110,"minecraft:ender_pearl":2},"minecraft:killed_by":{"minecraft:player":12,"undead_revamp2:the_moonflower":3,"born_in_chaos_v1:nightmare_stalker":4,"minecraft:spider":1,"iceandfire:siren":1,"minecraft:pillager":2,"born_in_chaos_v1:zombie_bruiser":1,"enemyexpansion:equestrian":1,"ad_astra:pygro":1,"alexsmobs:tusklin":2,"enemyexpansion:huntsman":1,"minecraft:skeleton":7,"earthmobsmod:lobber_zombie":1,"minecraft:zombie":2,"luminousworld:frost_bitten_skeleton":2,"enemyexpansion:direwolf":2,"born_in_chaos_v1:dread_hound":1},"minecraft:dropped":{"quark:pickarang":1,"minecraft:bread":15,"minecraft:iron_sword":1,"luminousworld:autumnplank":29,"supplementaries:netherite_door":1,"minecraft:porkchop":4,"minecraft:wheat_seeds":9,"luminousworld:white_oak_sapling":1,"minecraft:iron_helmet":1,"quark:cherry_ladder":1,"minecraft:leather_helmet":1,"tombstone:grave_key":12,"minecraft:rose_bush":1,"minecraft:iron_leggings":1,"minecraft:sand":2,"minecraft:iron_axe":1,"minecraft:iron_pickaxe":1,"minecraft:string":28,"minecraft:rotten_flesh":5,"supplementaries:globe":1,"minecraft:oak_planks":20,"minecraft:iron_boots":1,"sophisticatedbackpacks:backpack":1,"supplementaries:bamboo_spikes_tipped":1,"minecraft:leather_chestplate":2,"minecraft:hay_block":5,"minecraft:shield":2,"minecraft:spruce_planks":17,"minecraft:iron_chestplate":1,"minecraft:yellow_bed":1,"minecraft:leather_boots":1,"minecraft:oak_sapling":6,"minecraft:leather_leggings":1}},"DataVersion":3465}