{"stats":{"minecraft:mined":{"minecraft:lilac":1,"minecraft:spruce_log":11,"minecraft:crafting_table":2,"minecraft:grass":2,"minecraft:coal_ore":8,"minecraft:grass_block":53,"minecraft:oak_log":4,"minecraft:dirt":27,"luminousworld:grassvariant_2":1,"minecraft:spruce_leaves":1,"minecraft:stone":13,"minecraft:oak_leaves":4},"minecraft:killed":{"luminousworld:crab":1},"minecraft:custom":{"minecraft:time_since_rest":6344,"minecraft:sprint_one_cm":251828,"minecraft:damage_taken":4011,"minecraft:walk_one_cm":188351,"minecraft:mob_kills":3,"minecraft:drop":13,"minecraft:damage_dealt":337,"minecraft:swim_one_cm":1407,"minecraft:interact_with_crafting_table":12,"minecraft:fly_one_cm":174710,"minecraft:open_chest":2,"minecraft:crouch_one_cm":245,"minecraft:play_time":85931,"minecraft:deaths":17,"minecraft:sneak_time":45,"minecraft:walk_under_water_one_cm":1873,"minecraft:jump":1269,"minecraft:leave_game":2,"minecraft:walk_on_water_one_cm":4225,"minecraft:time_since_death":6708,"minecraft:total_world_time":85931,"minecraft:fall_one_cm":23266},"minecraft:crafted":{"minecraft:wooden_sword":1,"minecraft:oak_planks":16,"minecraft:crafting_table":1,"minecraft:spruce_planks":44,"minecraft:stick":52,"minecraft:wooden_pickaxe":1,"minecraft:wooden_axe":2},"minecraft:used":{"minecraft:wooden_axe":1,"minecraft:wooden_pickaxe":36,"minecraft:crafting_table":2,"tombstone:gift":4,"alexsmobs:animal_dictionary":1},"minecraft:picked_up":{"minecraft:raw_iron":2,"minecraft:wheat":1,"minecraft:leather_chestplate":2,"minecraft:stick":1,"minecraft:crafting_table":2,"ecologics:coconut_slice":2,"minecraft:leather_leggings":2,"ecologics:coconut_seedling":3,"minecraft:oak_log":4,"tombstone:grave_key":10,"minecraft:gunpowder":2,"luminousworld:raw_squirrel":1,"tombstone:grave_dust":1,"minecraft:spruce_log":11,"minecraft:dirt":76,"minecraft:leather_helmet":2,"minecraft:leather_boots":2,"minecraft:bone":6,"minecraft:rotten_flesh":2,"minecraft:hay_block":5,"born_in_chaos_v1:gnawed_bones":1,"minecraft:bread":3,"minecraft:coal":10,"minecraft:cobblestone":13,"minecraft:ender_pearl":1},"minecraft:dropped":{"minecraft:spruce_planks":17,"tombstone:grave_key":12},"minecraft:killed_by":{"minecraft:player":4,"undead_revamp2:the_moonflower":1,"alexsmobs:tusklin":2,"enemyexpansion:huntsman":1,"minecraft:skeleton":2,"minecraft:zombie":1,"luminousworld:frost_bitten_skeleton":2}},"DataVersion":3465}