{"stats":{"minecraft:mined":{"minecraft:spruce_log":11,"minecraft:crafting_table":2,"minecraft:grass":1,"minecraft:grass_block":43,"minecraft:dirt":22,"minecraft:spruce_leaves":1},"minecraft:killed":{"luminousworld:crab":1},"minecraft:custom":{"minecraft:time_since_rest":2509,"minecraft:sprint_one_cm":218578,"minecraft:damage_taken":3367,"minecraft:walk_one_cm":159336,"minecraft:mob_kills":2,"minecraft:drop":13,"minecraft:damage_dealt":159,"minecraft:swim_one_cm":1407,"minecraft:interact_with_crafting_table":6,"minecraft:fly_one_cm":159383,"minecraft:open_chest":2,"minecraft:crouch_one_cm":245,"minecraft:play_time":73931,"minecraft:deaths":15,"minecraft:sneak_time":40,"minecraft:walk_under_water_one_cm":1873,"minecraft:jump":1137,"minecraft:leave_game":2,"minecraft:walk_on_water_one_cm":4225,"minecraft:time_since_death":3977,"minecraft:total_world_time":73931,"minecraft:fall_one_cm":22848},"minecraft:crafted":{"minecraft:wooden_sword":1,"minecraft:crafting_table":1,"minecraft:spruce_planks":44,"minecraft:stick":36,"minecraft:wooden_axe":1},"minecraft:used":{"minecraft:wooden_axe":1,"minecraft:crafting_table":2,"tombstone:gift":4,"alexsmobs:animal_dictionary":1},"minecraft:picked_up":{"minecraft:wheat":1,"minecraft:leather_chestplate":2,"minecraft:stick":1,"minecraft:crafting_table":2,"ecologics:coconut_slice":2,"minecraft:leather_leggings":2,"ecologics:coconut_seedling":3,"tombstone:grave_key":9,"minecraft:gunpowder":2,"luminousworld:raw_squirrel":1,"tombstone:grave_dust":1,"minecraft:spruce_log":11,"minecraft:dirt":61,"minecraft:leather_helmet":2,"minecraft:leather_boots":2,"minecraft:bone":6,"minecraft:rotten_flesh":2,"minecraft:hay_block":5,"born_in_chaos_v1:gnawed_bones":1,"minecraft:bread":3,"minecraft:coal":2,"minecraft:ender_pearl":1},"minecraft:dropped":{"minecraft:spruce_planks":17,"tombstone:grave_key":12},"minecraft:killed_by":{"minecraft:player":3,"undead_revamp2:the_moonflower":1,"alexsmobs:tusklin":2,"enemyexpansion:huntsman":1,"minecraft:skeleton":1,"minecraft:zombie":1,"luminousworld:frost_bitten_skeleton":2}},"DataVersion":3465}