{"stats":{"minecraft:killed_by":{"minecraft:player":1},"minecraft:dropped":{"minecraft:wheat_seeds":1},"minecraft:picked_up":{"minecraft:stone":1,"minecraft:melon_seeds":1,"minecraft:wheat_seeds":9},"minecraft:custom":{"minecraft:jump":70,"minecraft:time_since_rest":3649,"minecraft:leave_game":1,"minecraft:sprint_one_cm":1571,"minecraft:damage_dealt":77,"minecraft:crouch_one_cm":617,"minecraft:deaths":2,"minecraft:play_time":7205,"minecraft:damage_taken":354,"minecraft:time_since_death":3647,"minecraft:walk_one_cm":11677,"minecraft:sneak_time":117,"minecraft:total_world_time":7205,"minecraft:drop":1,"minecraft:fall_one_cm":1111,"minecraft:fly_one_cm":12760}},"DataVersion":2975}