{"stats":{"minecraft:custom":{"minecraft:jump":72,"minecraft:time_since_rest":199,"minecraft:crouch_one_cm":136,"minecraft:damage_taken":120,"minecraft:leave_game":2,"minecraft:play_time":15070,"minecraft:sprint_one_cm":4620,"minecraft:time_since_death":194,"minecraft:walk_one_cm":4215,"minecraft:deaths":15,"minecraft:sneak_time":143,"minecraft:total_world_time":15070,"minecraft:climb_one_cm":2022,"minecraft:fall_one_cm":1648,"minecraft:fly_one_cm":59679},"minecraft:used":{"minecraft:grass_block":4}},"DataVersion":3105}