{"stats":{"minecraft:used":{"minecraft:red_terracotta":7},"minecraft:picked_up":{"minecraft:stick":8},"minecraft:custom":{"minecraft:jump":52,"minecraft:time_since_rest":12403,"minecraft:crouch_one_cm":5,"minecraft:leave_game":4,"minecraft:play_time":12403,"minecraft:sprint_one_cm":5737,"minecraft:damage_taken":100,"minecraft:time_since_death":12403,"minecraft:walk_one_cm":2074,"minecraft:sneak_time":364,"minecraft:total_world_time":12403,"minecraft:fall_one_cm":2792,"minecraft:fly_one_cm":259015}},"DataVersion":2975}