{"stats":{"minecraft:killed_by":{"born_in_chaos_v1:zombie_bruiser":2},"minecraft:used":{"alexsmobs:animal_dictionary":1,"tombstone:gift":1},"minecraft:killed":{"born_in_chaos_v1:zombie_bruiser":1},"minecraft:dropped":{"alexsmobs:animal_dictionary":1,"tombstone:grave_dust":1},"minecraft:custom":{"minecraft:jump":82,"minecraft:time_since_rest":2937,"minecraft:damage_dealt":69,"minecraft:damage_taken":490,"minecraft:leave_game":6,"minecraft:crouch_one_cm":39,"minecraft:time_since_death":3739,"minecraft:play_time":50572,"minecraft:sprint_one_cm":5255,"minecraft:walk_one_cm":9727,"tombstone:undead_killed":1,"minecraft:deaths":2,"minecraft:sneak_time":76,"minecraft:total_world_time":50572,"minecraft:mob_kills":1,"minecraft:fall_one_cm":5700,"minecraft:drop":2,"minecraft:fly_one_cm":31227}},"DataVersion":3465}