{"stats":{"minecraft:custom":{"minecraft:jump":9,"minecraft:time_since_rest":16140,"minecraft:damage_taken":250,"minecraft:crouch_one_cm":39,"minecraft:leave_game":3,"minecraft:play_time":28710,"minecraft:sprint_one_cm":650,"minecraft:time_since_death":0,"minecraft:walk_one_cm":6809,"minecraft:deaths":1,"minecraft:sneak_time":3,"minecraft:total_world_time":28710,"minecraft:fall_one_cm":1788,"minecraft:drop":1,"minecraft:fly_one_cm":9572},"minecraft:dropped":{"alexsmobs:animal_dictionary":1},"minecraft:killed_by":{"born_in_chaos_v1:zombie_bruiser":1},"minecraft:used":{"alexsmobs:animal_dictionary":1}},"DataVersion":3465}