{"stats":{"minecraft:used":{"alexsmobs:animal_dictionary":2,"minecraft:sandstone":2,"minecraft:stone":5,"minecraft:sand":2,"minecraft:command_block":3},"minecraft:picked_up":{"alexsmobs:animal_dictionary":1},"minecraft:custom":{"minecraft:jump":58,"minecraft:time_since_rest":4547,"minecraft:crouch_one_cm":794,"minecraft:leave_game":2,"minecraft:play_time":33957,"minecraft:sprint_one_cm":6064,"minecraft:time_since_death":4544,"minecraft:walk_one_cm":14137,"minecraft:deaths":6,"minecraft:sneak_time":186,"minecraft:walk_under_water_one_cm":2427,"minecraft:total_world_time":33957,"minecraft:fall_one_cm":1254,"minecraft:fly_one_cm":64413}},"DataVersion":3465}