{"stats":{"minecraft:custom":{"minecraft:jump":91,"minecraft:time_since_rest":19977,"minecraft:crouch_one_cm":564,"minecraft:leave_game":6,"minecraft:play_time":19977,"minecraft:sprint_one_cm":15182,"minecraft:damage_taken":210,"minecraft:time_since_death":19977,"minecraft:walk_one_cm":8316,"minecraft:sneak_time":899,"minecraft:total_world_time":19977,"minecraft:fall_one_cm":4169,"minecraft:fly_one_cm":509780},"minecraft:picked_up":{"minecraft:stick":8,"minecraft:oak_sign":17},"minecraft:used":{"minecraft:bedrock":39,"minecraft:light":5,"minecraft:red_terracotta":9,"minecraft:grass_block":1}},"DataVersion":2975}