{"stats":{"minecraft:custom":{"minecraft:time_since_rest":27921,"minecraft:crouch_one_cm":1082,"minecraft:play_time":27921,"minecraft:sprint_one_cm":19855,"minecraft:walk_one_cm":8760,"minecraft:sneak_time":815,"minecraft:walk_under_water_one_cm":295,"minecraft:mob_kills":16,"minecraft:jump":164,"minecraft:damage_dealt":2741,"minecraft:leave_game":2,"minecraft:walk_on_water_one_cm":508,"minecraft:time_since_death":27921,"minecraft:total_world_time":27921,"minecraft:fall_one_cm":1045,"minecraft:fly_one_cm":284845},"minecraft:used":{"minecraft:wooden_axe":1,"minecraft:oak_leaves":1,"minecraft:oak_log":5,"minecraft:netherite_sword":10,"minecraft:rabbit_spawn_egg":5,"minecraft:dirt":4,"minecraft:command_block":2,"minecraft:grass_block":94,"minecraft:netherite_axe":9},"minecraft:killed":{"minecraft:sheep":2,"minecraft:skeleton":2,"minecraft:spider":1,"minecraft:donkey":1,"minecraft:zombie":2,"minecraft:chicken":1,"minecraft:creeper":6,"minecraft:cow":1},"minecraft:mined":{"minecraft:grass":3},"minecraft:picked_up":{"minecraft:arrow":3,"minecraft:rotten_flesh":3,"minecraft:leather":2,"minecraft:wheat_seeds":1,"minecraft:gray_wool":1,"minecraft:gunpowder":8,"minecraft:spider_eye":1,"minecraft:mutton":3,"minecraft:string":1,"minecraft:white_wool":1}},"DataVersion":2975}