{"stats":{"minecraft:custom":{"minecraft:jump":5,"minecraft:time_since_rest":8187,"minecraft:sprint_one_cm":650,"minecraft:crouch_one_cm":39,"minecraft:leave_game":2,"minecraft:play_time":8187,"minecraft:damage_taken":50,"minecraft:time_since_death":8187,"minecraft:walk_one_cm":2320,"minecraft:sneak_time":3,"minecraft:total_world_time":8187,"minecraft:drop":1,"minecraft:fall_one_cm":1788,"minecraft:fly_one_cm":759},"minecraft:dropped":{"alexsmobs:animal_dictionary":1},"minecraft:used":{"alexsmobs:animal_dictionary":1}},"DataVersion":3465}