{"stats":{"minecraft:custom":{"minecraft:jump":23,"minecraft:damage_dealt":28,"minecraft:time_since_rest":1061,"minecraft:damage_taken":490,"minecraft:crouch_one_cm":39,"minecraft:leave_game":3,"minecraft:play_time":40710,"minecraft:sprint_one_cm":2150,"minecraft:time_since_death":0,"minecraft:walk_one_cm":8231,"minecraft:deaths":2,"minecraft:sneak_time":34,"minecraft:total_world_time":40710,"minecraft:fall_one_cm":5224,"minecraft:drop":1,"minecraft:fly_one_cm":16432},"minecraft:dropped":{"alexsmobs:animal_dictionary":1},"minecraft:killed_by":{"born_in_chaos_v1:zombie_bruiser":2},"minecraft:used":{"tombstone:gift":1,"alexsmobs:animal_dictionary":1}},"DataVersion":3465}