{"stats":{"minecraft:killed_by":{"minecraft:zombie":2},"minecraft:custom":{"minecraft:jump":29,"minecraft:time_since_rest":1686,"minecraft:damage_dealt":40,"minecraft:damage_taken":475,"minecraft:crouch_one_cm":142,"minecraft:leave_game":4,"minecraft:play_time":7561,"minecraft:sprint_one_cm":1859,"minecraft:time_since_death":168,"minecraft:walk_one_cm":2369,"minecraft:deaths":2,"minecraft:sneak_time":23,"minecraft:total_world_time":7561,"minecraft:fall_one_cm":1370,"minecraft:fly_one_cm":8817},"minecraft:mined":{"minecraft:grass":2}},"DataVersion":3463}