{"stats":{"minecraft:custom":{"minecraft:jump":52,"minecraft:time_since_rest":752,"minecraft:damage_dealt":69,"minecraft:damage_taken":490,"minecraft:crouch_one_cm":39,"minecraft:leave_game":5,"minecraft:play_time":48387,"minecraft:sprint_one_cm":3727,"minecraft:time_since_death":1554,"minecraft:walk_one_cm":9089,"minecraft:deaths":2,"minecraft:sneak_time":76,"minecraft:total_world_time":48387,"minecraft:mob_kills":1,"minecraft:fall_one_cm":5224,"minecraft:drop":1,"minecraft:fly_one_cm":25771,"tombstone:undead_killed":1},"minecraft:dropped":{"alexsmobs:animal_dictionary":1},"minecraft:killed_by":{"born_in_chaos_v1:zombie_bruiser":2},"minecraft:killed":{"born_in_chaos_v1:zombie_bruiser":1},"minecraft:used":{"alexsmobs:animal_dictionary":1,"tombstone:gift":1}},"DataVersion":3465}