{"stats":{"minecraft:picked_up":{"minecraft:oak_sign":1,"minecraft:birch_button":2,"minecraft:written_book":1},"minecraft:dropped":{"minecraft:written_book":1},"minecraft:custom":{"minecraft:time_since_rest":34981,"minecraft:crouch_one_cm":2184,"minecraft:open_enderchest":7,"minecraft:play_time":38355,"minecraft:sprint_one_cm":25856,"minecraft:walk_one_cm":58132,"minecraft:deaths":2,"minecraft:sneak_time":1092,"minecraft:drop":1,"minecraft:jump":177,"minecraft:leave_game":1,"minecraft:damage_dealt":10,"minecraft:time_since_death":34979,"minecraft:total_world_time":38355,"minecraft:fly_one_cm":84636},"minecraft:used":{"minecraft:bedrock":40,"minecraft:birch_button":13,"minecraft:writable_book":4,"minecraft:repeater":1,"minecraft:dirt":11,"minecraft:command_block":22,"minecraft:red_concrete":1,"minecraft:redstone":6,"minecraft:spruce_button":2,"minecraft:chain_command_block":20,"minecraft:oak_sign":7,"tombstone:gift":2,"minecraft:repeating_command_block":20,"minecraft:ender_chest":2,"minecraft:stone":3}},"DataVersion":3465}