{"stats":{"minecraft:custom":{"minecraft:jump":29,"minecraft:time_since_rest":7207,"minecraft:crouch_one_cm":5,"minecraft:leave_game":4,"minecraft:play_time":7207,"minecraft:sprint_one_cm":2959,"minecraft:damage_taken":80,"minecraft:time_since_death":7207,"minecraft:walk_one_cm":896,"minecraft:sneak_time":339,"minecraft:total_world_time":7207,"minecraft:fall_one_cm":1970,"minecraft:fly_one_cm":214364},"minecraft:used":{"minecraft:red_terracotta":7,"immersive_portals:portal_helper":1},"minecraft:picked_up":{"minecraft:stick":8}},"DataVersion":2975}