{"stats":{"minecraft:custom":{"minecraft:jump":2,"minecraft:time_since_rest":3663,"minecraft:sprint_one_cm":317,"minecraft:crouch_one_cm":39,"minecraft:leave_game":1,"minecraft:play_time":3663,"minecraft:damage_taken":50,"minecraft:time_since_death":3663,"minecraft:walk_one_cm":2007,"minecraft:sneak_time":3,"minecraft:total_world_time":3663,"minecraft:drop":1,"minecraft:fall_one_cm":1788,"minecraft:fly_one_cm":439},"minecraft:dropped":{"alexsmobs:animal_dictionary":1},"minecraft:used":{"alexsmobs:animal_dictionary":1}},"DataVersion":3465}