{"stats":{"minecraft:picked_up":{"minecraft:birch_button":2,"minecraft:oak_sign":1},"minecraft:custom":{"minecraft:jump":65,"minecraft:time_since_rest":19566,"minecraft:damage_dealt":10,"minecraft:crouch_one_cm":976,"minecraft:sprint_one_cm":11561,"minecraft:play_time":22940,"minecraft:deaths":2,"minecraft:time_since_death":19564,"minecraft:walk_one_cm":34475,"minecraft:sneak_time":432,"minecraft:total_world_time":22940,"minecraft:fly_one_cm":54450},"minecraft:used":{"minecraft:birch_button":13,"minecraft:bedrock":6,"minecraft:oak_sign":7,"tombstone:gift":2,"minecraft:stone":3,"minecraft:dirt":11,"minecraft:command_block":22,"minecraft:chain_command_block":4,"minecraft:repeater":1,"minecraft:redstone":6}},"DataVersion":3465}