{"stats":{"minecraft:dropped":{"tombstone:grave_dust":1,"alexsmobs:animal_dictionary":1},"minecraft:used":{"minecraft:stone_axe":1,"minecraft:dirt":1,"minecraft:crafting_table":1,"minecraft:stone_pickaxe":6,"tombstone:gift":2,"minecraft:wooden_pickaxe":18},"minecraft:picked_up":{"minecraft:crafting_table":1,"minecraft:oak_log":6,"minecraft:dirt":1,"minecraft:sugar_cane":6,"minecraft:cobblestone":22},"minecraft:killed_by":{"enemyexpansion:huntsman":1},"minecraft:crafted":{"minecraft:oak_planks":24,"minecraft:stone_axe":1,"minecraft:crafting_table":1,"minecraft:stick":8,"minecraft:stone_pickaxe":1,"minecraft:wooden_pickaxe":1},"minecraft:mined":{"minecraft:oak_log":6,"minecraft:dirt":1,"luminousworld:grassvariant_3":1,"minecraft:stone":22,"minecraft:sugar_cane":2,"minecraft:crafting_table":1},"minecraft:custom":{"minecraft:time_since_rest":3371,"minecraft:crouch_one_cm":487,"minecraft:walk_one_cm":8657,"minecraft:play_time":8575,"minecraft:sprint_one_cm":10090,"minecraft:damage_taken":270,"minecraft:deaths":1,"minecraft:sneak_time":143,"minecraft:walk_under_water_one_cm":220,"minecraft:drop":2,"minecraft:jump":118,"minecraft:time_since_death":5072,"minecraft:walk_on_water_one_cm":662,"minecraft:total_world_time":8575,"minecraft:swim_one_cm":2147,"minecraft:interact_with_crafting_table":2,"minecraft:fall_one_cm":4250,"minecraft:fly_one_cm":28876}},"DataVersion":3465}