{"stats":{"minecraft:dropped":{"alexsmobs:animal_dictionary":1,"tombstone:grave_dust":1},"minecraft:used":{"minecraft:stone_pickaxe":63,"minecraft:wooden_pickaxe":18,"minecraft:stone_axe":1,"minecraft:dirt":1,"minecraft:crafting_table":1,"tombstone:gift":2},"minecraft:picked_up":{"minecraft:crafting_table":1,"luminousworld:ishstone":4,"minecraft:oak_log":6,"minecraft:dirt":4,"minecraft:sugar_cane":6,"minecraft:coal":17,"minecraft:cobblestone":49},"minecraft:killed_by":{"enemyexpansion:huntsman":1},"minecraft:crafted":{"minecraft:oak_planks":24,"minecraft:crafting_table":1,"minecraft:stick":8,"minecraft:wooden_pickaxe":1,"minecraft:stone_pickaxe":1,"minecraft:stone_axe":1},"minecraft:mined":{"minecraft:crafting_table":1,"minecraft:coal_ore":17,"minecraft:grass_block":1,"minecraft:oak_log":6,"luminousworld:ishstone":4,"minecraft:dirt":3,"luminousworld:grassvariant_3":1,"minecraft:spruce_leaves":3,"minecraft:stone":52,"minecraft:sugar_cane":2},"minecraft:custom":{"minecraft:time_since_rest":9858,"minecraft:sprint_one_cm":12689,"minecraft:damage_taken":290,"minecraft:walk_one_cm":13393,"minecraft:drop":2,"minecraft:swim_one_cm":2147,"minecraft:interact_with_crafting_table":2,"minecraft:fly_one_cm":31190,"minecraft:crouch_one_cm":822,"minecraft:play_time":15062,"minecraft:deaths":1,"minecraft:sneak_time":230,"minecraft:walk_under_water_one_cm":220,"minecraft:jump":138,"minecraft:leave_game":2,"minecraft:walk_on_water_one_cm":662,"minecraft:time_since_death":11559,"minecraft:total_world_time":15062,"minecraft:fall_one_cm":4250}},"DataVersion":3465}