{"stats":{"minecraft:dropped":{"minecraft:bread":18,"minecraft:brown_mushroom":3,"minecraft:wheat_seeds":8,"minecraft:lilac":9,"ecologics:coconut_seedling":3,"minecraft:iron_helmet":1,"minecraft:leather_helmet":3,"minecraft:item_frame":3,"minecraft:stick":3,"tombstone:bag_of_seeds":1,"born_in_chaos_v1:monster_skin":1,"tombstone:grave_key":8,"minecraft:rose_bush":2,"tombstone:grave_dust":4,"minecraft:iron_leggings":1,"minecraft:string":3,"minecraft:bone":1,"minecraft:armor_stand":2,"alexsmobs:animal_dictionary":1,"minecraft:wheat":1,"undead_revamp2:arapholia":3,"minecraft:rotten_flesh":14,"minecraft:iron_boots":1,"minecraft:clay_ball":3,"aether:leather_gloves":1,"minecraft:poppy":1,"minecraft:leather_chestplate":1,"minecraft:shield":1,"minecraft:allium":1,"minecraft:iron_chestplate":1,"born_in_chaos_v1:corpse_maggot":3,"minecraft:leather_boots":2,"minecraft:oak_sapling":2,"minecraft:leather_leggings":4},"minecraft:used":{"minecraft:shield":2,"minecraft:iron_sword":39,"minecraft:torch":2,"minecraft:dirt":16,"minecraft:wooden_axe":14,"luminousworld:blueberry":1,"minecraft:scaffolding":1,"minecraft:furnace":1,"ecologics:coconut_boat":1,"tombstone:gift":1,"minecraft:cooked_beef":2,"minecraft:wheat_seeds":45,"minecraft:water_bucket":29,"minecraft:leather_leggings":2,"minecraft:stone_pickaxe":146,"minecraft:baked_potato":8,"minecraft:wooden_pickaxe":31,"minecraft:leather_chestplate":2,"minecraft:crafting_table":7,"born_in_chaos_v1:monster_flesh":1,"minecraft:chicken":1,"minecraft:bread":20,"minecraft:iron_pickaxe":3,"minecraft:leather_helmet":4,"minecraft:stone_axe":43,"minecraft:cobblestone":12,"ecologics:coconut_log":1,"minecraft:andesite":1,"minecraft:bucket":31,"alexsmobs:animal_dictionary":3},"minecraft:picked_up":{"minecraft:crafting_table":5,"minecraft:wheat":37,"minecraft:allium":1,"minecraft:chicken":1,"minecraft:clay_ball":3,"minecraft:leather_leggings":4,"minecraft:brown_mushroom":3,"tombstone:grave_key":7,"minecraft:string":3,"minecraft:item_frame":3,"minecraft:armor_stand":1,"minecraft:spruce_planks":17,"minecraft:beef":2,"minecraft:rose_bush":2,"minecraft:poppy":1,"minecraft:iron_pickaxe":1,"minecraft:furnace":1,"minecraft:stick":2,"minecraft:raw_iron":59,"minecraft:torch":1,"ecologics:coconut_seedling":3,"tombstone:grave_dust":3,"minecraft:arrow":6,"minecraft:rotten_flesh":14,"luminousworld:soft_birch_log":5,"minecraft:hay_block":7,"ecologics:coconut_log":9,"minecraft:iron_block":1,"undead_revamp2:arapholia":3,"minecraft:cobblestone":47,"born_in_chaos_v1:corpse_maggot":3,"minecraft:leather_chestplate":1,"minecraft:lilac":9,"born_in_chaos_v1:monster_flesh":1,"minecraft:andesite":1,"ecologics:coconut_planks":37,"minecraft:leather":1,"minecraft:dirt":16,"born_in_chaos_v1:monster_skin":1,"minecraft:leather_boots":1,"minecraft:bone":1,"minecraft:wheat_seeds":69,"minecraft:iron_ingot":3,"tombstone:bag_of_seeds":1,"minecraft:scaffolding":12,"minecraft:leather_helmet":2,"luminousworld:blueberry":1,"minecraft:bone_meal":1,"minecraft:emerald":1,"minecraft:oak_sapling":2,"minecraft:coal":60,"iceandfire:raw_silver":4,"minecraft:ender_pearl":1},"minecraft:killed_by":{"minecraft:player":4,"minecraft:spider":1,"born_in_chaos_v1:zombie_bruiser":1,"born_in_chaos_v1:corpse_fly":2,"undead_revamp2:thehunter":2,"minecraft:silverfish":2,"born_in_chaos_v1:scarlet_persecutor":1,"iceandfire:ghost":1},"minecraft:crafted":{"ecologics:coconut_planks":32,"minecraft:furnace":1,"minecraft:iron_boots":2,"minecraft:iron_axe":1,"minecraft:stone_pickaxe":3,"ecologics:coconut_boat":1,"minecraft:wheat":63,"minecraft:cooked_beef":2,"minecraft:crafting_table":2,"minecraft:iron_helmet":2,"minecraft:wooden_pickaxe":2,"minecraft:baked_potato":8,"minecraft:iron_sword":1,"minecraft:bucket":2,"minecraft:birch_planks":20,"minecraft:stone_axe":1,"minecraft:bread":33,"minecraft:air":0,"aether:iron_gloves":1,"minecraft:iron_chestplate":2,"minecraft:shield":2,"minecraft:stick":24,"minecraft:iron_ingot":61,"minecraft:wooden_axe":2,"minecraft:iron_leggings":2,"minecraft:torch":16},"minecraft:killed":{"luminousworld:swallowtail":1,"luminousworld:frost_bitten_skeleton":1,"born_in_chaos_v1:zombie_bruiser":1,"born_in_chaos_v1:maggot":4,"minecraft:skeleton":2,"takesapillage:clay_golem":1,"minecraft:chicken":1,"minecraft:silverfish":7,"undead_revamp2:the_moonflower":1,"born_in_chaos_v1:dread_hound":1,"born_in_chaos_v1:corpse_fly":1,"enemyexpansion:slugger":1,"minecraft:cow":1,"enemyexpansion:wasp":1},"minecraft:broken":{"minecraft:stone_pickaxe":1},"minecraft:mined":{"undead_revamp2:arapholia":1,"iceandfire:silver_ore":4,"luminousworld:grassvariant_4":2,"minecraft:grass_block":10,"ecologics:coconut_leaves":1,"luminousworld:grassvariant_2":1,"luminousworld:whiteoakleaves":1,"ecologics:coconut_log":10,"minecraft:hay_block":2,"minecraft:furnace":1,"minecraft:iron_ore":62,"minecraft:andesite":1,"minecraft:peony":1,"minecraft:stone":44,"minecraft:iron_block":1,"luminousworld:soft_birch_log":5,"minecraft:scaffolding":9,"minecraft:oak_fence":1,"minecraft:crafting_table":5,"minecraft:poppy":1,"minecraft:tall_grass":10,"minecraft:cobblestone":2,"minecraft:wheat":3,"minecraft:birch_leaves":2,"minecraft:grass":12,"minecraft:coal_ore":45,"minecraft:dirt":3,"luminousworld:grassvariant_3":5,"minecraft:cobweb":1,"minecraft:oak_leaves":9,"minecraft:infested_stone":5},"minecraft:custom":{"minecraft:mob_kills":25,"minecraft:interact_with_crafting_table":30,"minecraft:open_barrel":3,"minecraft:leave_game":12,"minecraft:time_since_death":488,"minecraft:climb_one_cm":3269,"minecraft:sprint_one_cm":432316,"minecraft:walk_one_cm":266471,"minecraft:drop":94,"minecraft:talked_to_villager":2,"minecraft:play_time":136210,"minecraft:deaths":18,"minecraft:sneak_time":7361,"minecraft:walk_under_water_one_cm":9592,"minecraft:boat_one_cm":56532,"minecraft:jump":3859,"minecraft:walk_on_water_one_cm":8491,"minecraft:total_world_time":136210,"minecraft:interact_with_furnace":34,"minecraft:sleep_in_bed":4,"minecraft:time_since_rest":1,"minecraft:damage_taken":5308,"minecraft:damage_dealt":5454,"minecraft:swim_one_cm":11422,"minecraft:fly_one_cm":816705,"minecraft:player_kills":3,"minecraft:open_chest":4,"minecraft:crouch_one_cm":19490,"tombstone:undead_killed":6,"minecraft:fall_one_cm":103685}},"DataVersion":3465}