{"stats":{"minecraft:mined":{"undead_revamp2:arapholia":1,"iceandfire:silver_ore":4,"luminousworld:grassvariant_4":2,"minecraft:jungle_leaves":1,"luminousworld:mossbuds_1":2,"luminousworld:mossbuds_2":1,"minecraft:grass_block":11,"ecologics:coconut_leaves":1,"luminousworld:grassvariant_2":2,"luminousworld:whiteoakleaves":1,"ecologics:coconut_log":10,"minecraft:spruce_leaves":16,"minecraft:hay_block":2,"minecraft:furnace":3,"minecraft:iron_ore":62,"minecraft:fire":1,"minecraft:andesite":1,"minecraft:peony":1,"minecraft:vine":1,"minecraft:stone":45,"minecraft:iron_block":1,"luminousworld:soft_birch_log":5,"minecraft:scaffolding":9,"luminousworld:blueberrybush":1,"minecraft:oak_fence":1,"minecraft:crafting_table":5,"minecraft:poppy":1,"luminousworld:spuds":1,"minecraft:tall_grass":10,"minecraft:cobblestone":12,"minecraft:birch_planks":2,"minecraft:dark_oak_slab":1,"minecraft:wheat":3,"minecraft:sweet_berry_bush":1,"minecraft:birch_leaves":2,"minecraft:yellow_bed":1,"minecraft:grass":12,"minecraft:coal_ore":56,"minecraft:dirt":3,"luminousworld:grassvariant_3":5,"minecraft:cobweb":1,"minecraft:oak_leaves":19,"minecraft:infested_stone":5},"minecraft:killed":{"luminousworld:swallowtail":1,"luminousworld:frost_bitten_skeleton":1,"born_in_chaos_v1:zombie_bruiser":1,"born_in_chaos_v1:maggot":4,"minecraft:skeleton":2,"takesapillage:clay_golem":1,"minecraft:chicken":1,"minecraft:silverfish":7,"minecraft:pig":2,"undead_revamp2:the_moonflower":1,"enemyexpansion:sprinter":1,"luminousworld:trout_fish":1,"minecraft:sheep":1,"minecraft:pillager":10,"born_in_chaos_v1:dread_hound":2,"born_in_chaos_v1:corpse_fly":1,"enemyexpansion:slugger":1,"enemyexpansion:wasp":1,"minecraft:cow":1},"minecraft:custom":{"minecraft:mob_kills":41,"minecraft:interact_with_crafting_table":43,"minecraft:open_barrel":3,"minecraft:leave_game":16,"minecraft:time_since_death":260,"minecraft:climb_one_cm":4355,"minecraft:sprint_one_cm":721628,"minecraft:walk_one_cm":418575,"minecraft:damage_blocked_by_shield":1043,"minecraft:drop":109,"minecraft:talked_to_villager":2,"minecraft:play_time":209836,"minecraft:deaths":24,"minecraft:sneak_time":8806,"minecraft:walk_under_water_one_cm":22136,"minecraft:boat_one_cm":56532,"minecraft:jump":6166,"minecraft:walk_on_water_one_cm":16974,"minecraft:total_world_time":209836,"minecraft:interact_with_furnace":44,"tombstone:raider_killed":10,"minecraft:sleep_in_bed":5,"minecraft:time_since_rest":71,"minecraft:damage_taken":7989,"minecraft:damage_dealt":8499,"minecraft:swim_one_cm":83825,"minecraft:fly_one_cm":1311783,"minecraft:player_kills":4,"minecraft:open_chest":7,"minecraft:crouch_one_cm":24026,"tombstone:undead_killed":7,"minecraft:fall_one_cm":160084},"minecraft:crafted":{"minecraft:oak_planks":16,"quark:birch_chest":1,"ecologics:coconut_planks":32,"minecraft:furnace":1,"minecraft:iron_boots":2,"minecraft:iron_axe":1,"minecraft:stone_pickaxe":3,"minecraft:dark_oak_planks":32,"ecologics:coconut_boat":1,"minecraft:wheat":63,"minecraft:cooked_beef":2,"sophisticatedbackpacks:backpack":1,"minecraft:cooked_porkchop":4,"minecraft:crafting_table":2,"minecraft:iron_helmet":2,"minecraft:wooden_pickaxe":2,"minecraft:baked_potato":8,"minecraft:iron_sword":1,"minecraft:bucket":2,"minecraft:birch_planks":20,"minecraft:stone_axe":1,"minecraft:bread":34,"minecraft:air":0,"aether:iron_gloves":1,"minecraft:iron_chestplate":2,"minecraft:shield":2,"minecraft:stick":24,"minecraft:iron_ingot":61,"minecraft:wooden_axe":2,"minecraft:iron_leggings":2,"minecraft:torch":16},"minecraft:used":{"minecraft:shield":26,"minecraft:iron_sword":95,"minecraft:iron_chestplate":1,"minecraft:torch":2,"minecraft:dirt":16,"minecraft:chainmail_chestplate":1,"minecraft:wooden_axe":14,"luminousworld:blueberry":6,"minecraft:golden_carrot":2,"minecraft:sweet_berries":76,"minecraft:scaffolding":1,"minecraft:furnace":3,"ecologics:coconut_boat":1,"tombstone:gift":3,"minecraft:cooked_beef":2,"minecraft:wheat_seeds":45,"minecraft:water_bucket":56,"minecraft:leather_leggings":2,"minecraft:birch_planks":12,"minecraft:stone_pickaxe":171,"minecraft:baked_potato":8,"minecraft:wooden_pickaxe":33,"minecraft:leather_chestplate":2,"minecraft:crafting_table":7,"minecraft:apple":2,"born_in_chaos_v1:monster_flesh":1,"minecraft:chicken":1,"minecraft:bread":23,"minecraft:iron_pickaxe":3,"minecraft:leather_helmet":4,"minecraft:stone_axe":49,"luminousworld:trout":1,"minecraft:cobblestone":26,"ecologics:coconut_log":1,"minecraft:cooked_porkchop":4,"minecraft:andesite":1,"minecraft:bucket":58,"minecraft:yellow_bed":2,"alexsmobs:animal_dictionary":3,"minecraft:bone_meal":1},"minecraft:broken":{"minecraft:stone_pickaxe":1},"minecraft:picked_up":{"minecraft:crafting_table":5,"minecraft:wheat":37,"minecraft:allium":1,"illagerinvasion:platinum_chunk":7,"minecraft:chicken":1,"minecraft:clay_ball":3,"minecraft:leather_leggings":4,"minecraft:brown_mushroom":3,"luminousworld:trout":1,"tombstone:grave_key":7,"minecraft:string":27,"minecraft:item_frame":3,"minecraft:armor_stand":1,"minecraft:spruce_planks":17,"minecraft:beef":2,"minecraft:rose_bush":2,"minecraft:poppy":1,"minecraft:iron_pickaxe":1,"minecraft:furnace":3,"minecraft:stick":3,"minecraft:raw_iron":59,"minecraft:torch":1,"ecologics:coconut_seedling":3,"minecraft:porkchop":5,"tombstone:grave_dust":3,"minecraft:arrow":6,"minecraft:rotten_flesh":14,"luminousworld:soft_birch_log":5,"minecraft:hay_block":7,"ecologics:coconut_log":9,"minecraft:iron_block":1,"minecraft:white_wool":1,"undead_revamp2:arapholia":3,"minecraft:cobblestone":58,"born_in_chaos_v1:corpse_maggot":3,"minecraft:leather_chestplate":1,"minecraft:lilac":9,"born_in_chaos_v1:monster_flesh":1,"minecraft:andesite":1,"ecologics:coconut_planks":37,"minecraft:leather":11,"minecraft:birch_planks":2,"minecraft:oak_log":4,"minecraft:chainmail_chestplate":1,"minecraft:yellow_bed":2,"minecraft:dirt":18,"born_in_chaos_v1:monster_skin":1,"minecraft:leather_boots":1,"minecraft:bone":1,"minecraft:apple":1,"minecraft:wheat_seeds":69,"minecraft:iron_ingot":6,"tombstone:bag_of_seeds":1,"minecraft:oak_planks":4,"minecraft:scaffolding":12,"minecraft:dark_oak_slab":1,"minecraft:sweet_berries":61,"born_in_chaos_v1:dark_rod":1,"minecraft:leather_helmet":2,"luminousworld:blueberry":7,"minecraft:bone_meal":1,"minecraft:emerald":7,"minecraft:oak_sapling":2,"minecraft:coal":139,"iceandfire:raw_silver":4,"minecraft:ender_pearl":1},"minecraft:killed_by":{"minecraft:player":6,"minecraft:spider":1,"minecraft:pillager":3,"born_in_chaos_v1:zombie_bruiser":1,"born_in_chaos_v1:corpse_fly":2,"undead_revamp2:thehunter":2,"minecraft:silverfish":2,"born_in_chaos_v1:scarlet_persecutor":1,"iceandfire:ghost":1},"minecraft:dropped":{"minecraft:bread":18,"iceandfire:raw_silver":4,"minecraft:brown_mushroom":3,"minecraft:wheat_seeds":8,"minecraft:lilac":9,"ecologics:coconut_seedling":3,"minecraft:iron_helmet":1,"minecraft:leather_helmet":3,"minecraft:item_frame":3,"minecraft:stick":3,"tombstone:bag_of_seeds":1,"minecraft:golden_carrot":2,"born_in_chaos_v1:monster_skin":1,"tombstone:grave_key":8,"endrem:corrupted_eye":1,"minecraft:wooden_axe":1,"minecraft:rose_bush":2,"tombstone:grave_dust":4,"minecraft:iron_leggings":1,"minecraft:string":3,"minecraft:bone":1,"minecraft:armor_stand":2,"minecraft:furnace":1,"minecraft:sweet_berries":5,"alexsmobs:animal_dictionary":1,"minecraft:wheat":1,"undead_revamp2:arapholia":3,"minecraft:rotten_flesh":14,"minecraft:iron_boots":1,"minecraft:clay_ball":3,"aether:leather_gloves":1,"minecraft:chainmail_chestplate":1,"minecraft:poppy":1,"minecraft:leather_chestplate":1,"minecraft:shield":1,"minecraft:allium":1,"minecraft:iron_chestplate":1,"born_in_chaos_v1:corpse_maggot":3,"minecraft:leather_boots":2,"minecraft:oak_sapling":2,"minecraft:leather_leggings":4}},"DataVersion":3465}