{"stats":{"minecraft:mined":{"minecraft:grass":2},"minecraft:custom":{"minecraft:jump":235,"minecraft:time_since_rest":456,"minecraft:damage_dealt":318,"minecraft:damage_taken":489,"minecraft:deaths":3,"minecraft:sprint_one_cm":23108,"minecraft:play_time":8018,"minecraft:time_since_death":652,"minecraft:walk_one_cm":12031,"minecraft:total_world_time":8018,"minecraft:drop":9,"minecraft:fall_one_cm":8059,"minecraft:fly_one_cm":58861},"minecraft:used":{"alexsmobs:animal_dictionary":3,"tombstone:gift":1},"minecraft:picked_up":{"tombstone:grave_dust":1,"minecraft:rotten_flesh":6},"minecraft:killed_by":{"minecraft:player":1,"born_in_chaos_v1:corpse_fly":1},"minecraft:dropped":{"minecraft:rotten_flesh":6,"alexsmobs:animal_dictionary":1,"tombstone:grave_dust":2}},"DataVersion":3465}