{"stats":{"minecraft:dropped":{"minecraft:bread":3,"minecraft:wheat_seeds":8,"minecraft:lilac":9,"ecologics:coconut_seedling":3,"minecraft:iron_helmet":1,"minecraft:leather_helmet":2,"minecraft:stick":3,"minecraft:item_frame":3,"tombstone:bag_of_seeds":1,"born_in_chaos_v1:monster_skin":1,"tombstone:grave_key":8,"minecraft:rose_bush":1,"tombstone:grave_dust":4,"minecraft:iron_leggings":1,"minecraft:string":3,"minecraft:armor_stand":2,"minecraft:bone":1,"alexsmobs:animal_dictionary":1,"undead_revamp2:arapholia":3,"minecraft:rotten_flesh":14,"aether:leather_gloves":1,"minecraft:clay_ball":3,"minecraft:iron_boots":1,"minecraft:poppy":1,"minecraft:leather_chestplate":1,"minecraft:shield":1,"minecraft:allium":1,"minecraft:iron_chestplate":1,"born_in_chaos_v1:corpse_maggot":3,"minecraft:leather_boots":1,"minecraft:oak_sapling":1,"minecraft:leather_leggings":2},"minecraft:used":{"minecraft:iron_sword":31,"minecraft:dirt":14,"minecraft:wooden_axe":14,"minecraft:scaffolding":1,"ecologics:coconut_boat":1,"minecraft:furnace":1,"tombstone:gift":1,"minecraft:cooked_beef":2,"minecraft:wheat_seeds":45,"minecraft:water_bucket":18,"minecraft:leather_leggings":2,"minecraft:stone_pickaxe":128,"minecraft:baked_potato":6,"minecraft:leather_chestplate":2,"minecraft:wooden_pickaxe":27,"minecraft:crafting_table":4,"born_in_chaos_v1:monster_flesh":1,"minecraft:bread":10,"minecraft:iron_pickaxe":3,"minecraft:leather_helmet":4,"minecraft:stone_axe":36,"minecraft:cobblestone":10,"ecologics:coconut_log":1,"minecraft:bucket":20,"alexsmobs:animal_dictionary":3},"minecraft:picked_up":{"minecraft:crafting_table":3,"minecraft:wheat":37,"minecraft:allium":1,"minecraft:clay_ball":3,"minecraft:leather_leggings":2,"tombstone:grave_key":7,"minecraft:string":3,"minecraft:item_frame":3,"minecraft:armor_stand":1,"minecraft:spruce_planks":17,"minecraft:beef":2,"minecraft:rose_bush":1,"minecraft:poppy":1,"minecraft:iron_pickaxe":1,"minecraft:furnace":1,"minecraft:stick":2,"minecraft:raw_iron":54,"ecologics:coconut_seedling":3,"tombstone:grave_dust":3,"minecraft:arrow":5,"minecraft:rotten_flesh":14,"ecologics:coconut_log":9,"minecraft:hay_block":2,"minecraft:iron_block":1,"undead_revamp2:arapholia":3,"minecraft:cobblestone":36,"born_in_chaos_v1:corpse_maggot":3,"minecraft:leather_chestplate":1,"minecraft:lilac":9,"born_in_chaos_v1:monster_flesh":1,"ecologics:coconut_planks":37,"minecraft:leather":1,"minecraft:dirt":16,"born_in_chaos_v1:monster_skin":1,"minecraft:bone":1,"minecraft:wheat_seeds":69,"minecraft:iron_ingot":3,"tombstone:bag_of_seeds":1,"minecraft:scaffolding":12,"minecraft:leather_helmet":1,"minecraft:bone_meal":1,"minecraft:emerald":1,"minecraft:oak_sapling":2,"minecraft:coal":60,"minecraft:ender_pearl":1},"minecraft:killed_by":{"minecraft:player":4,"minecraft:spider":1,"born_in_chaos_v1:zombie_bruiser":1,"born_in_chaos_v1:corpse_fly":2,"undead_revamp2:thehunter":2,"minecraft:silverfish":2,"born_in_chaos_v1:scarlet_persecutor":1},"minecraft:crafted":{"ecologics:coconut_planks":32,"minecraft:furnace":1,"minecraft:iron_boots":2,"minecraft:iron_axe":1,"minecraft:stone_pickaxe":1,"ecologics:coconut_boat":1,"minecraft:wheat":18,"minecraft:cooked_beef":2,"minecraft:crafting_table":2,"minecraft:wooden_pickaxe":2,"minecraft:baked_potato":8,"minecraft:iron_helmet":2,"minecraft:iron_sword":1,"minecraft:bucket":2,"minecraft:stone_axe":1,"minecraft:bread":18,"minecraft:air":0,"aether:iron_gloves":1,"minecraft:iron_chestplate":2,"minecraft:shield":1,"minecraft:stick":16,"minecraft:iron_ingot":61,"minecraft:wooden_axe":2,"minecraft:iron_leggings":2},"minecraft:killed":{"luminousworld:frost_bitten_skeleton":1,"born_in_chaos_v1:zombie_bruiser":1,"born_in_chaos_v1:maggot":4,"minecraft:skeleton":1,"takesapillage:clay_golem":1,"minecraft:silverfish":7,"undead_revamp2:the_moonflower":1,"born_in_chaos_v1:dread_hound":1,"born_in_chaos_v1:corpse_fly":1,"minecraft:cow":1,"enemyexpansion:slugger":1},"minecraft:mined":{"undead_revamp2:arapholia":1,"luminousworld:grassvariant_4":2,"minecraft:grass_block":10,"ecologics:coconut_leaves":1,"luminousworld:grassvariant_2":1,"ecologics:coconut_log":10,"minecraft:hay_block":2,"minecraft:furnace":1,"minecraft:iron_ore":57,"minecraft:peony":1,"minecraft:stone":35,"minecraft:iron_block":1,"minecraft:scaffolding":9,"minecraft:oak_fence":1,"minecraft:crafting_table":3,"minecraft:poppy":1,"minecraft:tall_grass":10,"minecraft:cobblestone":2,"minecraft:wheat":3,"minecraft:birch_leaves":1,"minecraft:grass":11,"minecraft:coal_ore":45,"minecraft:dirt":3,"luminousworld:grassvariant_3":4,"minecraft:cobweb":1,"minecraft:oak_leaves":3,"minecraft:infested_stone":5},"minecraft:custom":{"minecraft:mob_kills":21,"minecraft:interact_with_crafting_table":27,"minecraft:open_barrel":3,"minecraft:leave_game":10,"minecraft:time_since_death":35319,"minecraft:climb_one_cm":3269,"minecraft:sprint_one_cm":314733,"minecraft:walk_one_cm":206968,"minecraft:drop":82,"minecraft:talked_to_villager":2,"minecraft:play_time":97746,"minecraft:deaths":17,"minecraft:sneak_time":4869,"minecraft:walk_under_water_one_cm":5530,"minecraft:boat_one_cm":56532,"minecraft:jump":2809,"minecraft:walk_on_water_one_cm":4269,"minecraft:total_world_time":97746,"minecraft:interact_with_furnace":34,"minecraft:sleep_in_bed":4,"minecraft:time_since_rest":16047,"minecraft:damage_taken":4760,"minecraft:damage_dealt":5109,"minecraft:swim_one_cm":6967,"minecraft:fly_one_cm":654405,"minecraft:player_kills":3,"minecraft:open_chest":4,"minecraft:crouch_one_cm":11619,"tombstone:undead_killed":5,"minecraft:fall_one_cm":72218}},"DataVersion":3465}