{"stats":{"minecraft:mined":{"undead_revamp2:arapholia":1,"minecraft:scaffolding":2,"luminousworld:grassvariant_4":2,"minecraft:crafting_table":1,"minecraft:grass_block":7,"minecraft:poppy":1,"ecologics:coconut_leaves":1,"luminousworld:grassvariant_2":1,"minecraft:tall_grass":1,"minecraft:cobblestone":1,"ecologics:coconut_log":10,"minecraft:iron_ore":38,"minecraft:grass":7,"minecraft:coal_ore":27,"minecraft:dirt":3,"minecraft:cobweb":1,"luminousworld:grassvariant_3":3,"minecraft:stone":28,"minecraft:oak_leaves":1,"minecraft:infested_stone":4},"minecraft:killed":{"undead_revamp2:the_moonflower":1,"luminousworld:frost_bitten_skeleton":1,"born_in_chaos_v1:zombie_bruiser":1,"born_in_chaos_v1:maggot":4,"minecraft:skeleton":1,"born_in_chaos_v1:corpse_fly":1,"minecraft:silverfish":5,"enemyexpansion:slugger":1},"minecraft:custom":{"minecraft:interact_with_furnace":7,"minecraft:mob_kills":16,"minecraft:interact_with_crafting_table":13,"minecraft:open_barrel":3,"minecraft:leave_game":8,"minecraft:time_since_death":2354,"minecraft:climb_one_cm":2072,"minecraft:time_since_rest":2055,"minecraft:sprint_one_cm":220345,"minecraft:damage_taken":4054,"minecraft:walk_one_cm":127233,"minecraft:drop":32,"minecraft:damage_dealt":4004,"minecraft:talked_to_villager":2,"minecraft:swim_one_cm":6926,"minecraft:fly_one_cm":551189,"minecraft:player_kills":3,"minecraft:open_chest":4,"minecraft:crouch_one_cm":5785,"minecraft:play_time":64781,"tombstone:undead_killed":5,"minecraft:deaths":17,"minecraft:sneak_time":2384,"minecraft:walk_under_water_one_cm":1122,"minecraft:jump":2220,"minecraft:walk_on_water_one_cm":2260,"minecraft:total_world_time":64781,"minecraft:fall_one_cm":52766},"minecraft:crafted":{"minecraft:crafting_table":2,"ecologics:coconut_planks":32,"minecraft:iron_helmet":1,"minecraft:wooden_pickaxe":2,"minecraft:iron_sword":1,"minecraft:furnace":1,"minecraft:stone_axe":1,"minecraft:bread":6,"minecraft:air":0,"minecraft:iron_chestplate":1,"minecraft:shield":1,"minecraft:iron_axe":1,"minecraft:stick":16,"minecraft:iron_ingot":21,"minecraft:stone_pickaxe":1,"minecraft:wooden_axe":2},"minecraft:used":{"minecraft:leather_leggings":2,"minecraft:stone_pickaxe":77,"minecraft:wooden_pickaxe":21,"minecraft:leather_chestplate":2,"minecraft:iron_sword":1,"minecraft:dirt":14,"minecraft:crafting_table":3,"minecraft:wooden_axe":14,"minecraft:bread":6,"minecraft:iron_pickaxe":3,"minecraft:leather_helmet":4,"minecraft:stone_axe":36,"minecraft:cobblestone":3,"minecraft:scaffolding":1,"ecologics:coconut_log":1,"minecraft:furnace":1,"tombstone:gift":1,"alexsmobs:animal_dictionary":3},"minecraft:picked_up":{"born_in_chaos_v1:corpse_maggot":3,"minecraft:crafting_table":1,"minecraft:wheat":20,"minecraft:leather_chestplate":1,"ecologics:coconut_planks":37,"minecraft:leather_leggings":1,"tombstone:grave_key":7,"minecraft:string":1,"minecraft:dirt":14,"minecraft:item_frame":3,"minecraft:bone":1,"minecraft:wheat_seeds":29,"minecraft:spruce_planks":17,"minecraft:iron_ingot":1,"tombstone:bag_of_seeds":1,"minecraft:iron_pickaxe":1,"minecraft:scaffolding":1,"minecraft:stick":1,"minecraft:raw_iron":35,"ecologics:coconut_seedling":3,"tombstone:grave_dust":2,"minecraft:leather_helmet":1,"minecraft:arrow":5,"minecraft:rotten_flesh":14,"ecologics:coconut_log":9,"undead_revamp2:arapholia":2,"minecraft:coal":26,"minecraft:cobblestone":28,"minecraft:ender_pearl":1},"minecraft:dropped":{"minecraft:bread":3,"alexsmobs:animal_dictionary":1,"undead_revamp2:arapholia":1,"ecologics:coconut_seedling":3,"minecraft:rotten_flesh":8,"minecraft:item_frame":3,"minecraft:stick":1,"tombstone:bag_of_seeds":1,"tombstone:grave_key":8,"born_in_chaos_v1:corpse_maggot":1,"tombstone:grave_dust":2},"minecraft:killed_by":{"undead_revamp2:thehunter":2,"minecraft:player":4,"minecraft:silverfish":2,"minecraft:spider":1,"born_in_chaos_v1:zombie_bruiser":1,"born_in_chaos_v1:scarlet_persecutor":1,"born_in_chaos_v1:corpse_fly":2}},"DataVersion":3465}