{"stats":{"minecraft:mined":{"minecraft:grass":4,"minecraft:grass_block":7,"minecraft:poppy":1,"minecraft:dirt":3},"minecraft:killed":{"born_in_chaos_v1:corpse_fly":1,"luminousworld:frost_bitten_skeleton":1},"minecraft:custom":{"minecraft:time_since_rest":1,"minecraft:sprint_one_cm":99346,"minecraft:damage_taken":2236,"minecraft:walk_one_cm":51978,"minecraft:mob_kills":3,"minecraft:drop":10,"minecraft:damage_dealt":1770,"minecraft:interact_with_crafting_table":1,"minecraft:fly_one_cm":350322,"minecraft:player_kills":2,"minecraft:open_barrel":3,"minecraft:open_chest":1,"minecraft:crouch_one_cm":524,"minecraft:play_time":32196,"tombstone:undead_killed":1,"minecraft:deaths":10,"minecraft:sneak_time":207,"minecraft:jump":1357,"minecraft:leave_game":3,"minecraft:time_since_death":176,"minecraft:total_world_time":32196,"minecraft:fall_one_cm":35160},"minecraft:crafted":{"minecraft:crafting_table":1,"minecraft:stick":4,"minecraft:wooden_pickaxe":1,"minecraft:wooden_axe":1},"minecraft:used":{"minecraft:wooden_axe":13,"minecraft:dirt":14,"minecraft:crafting_table":1,"tombstone:gift":1,"alexsmobs:animal_dictionary":3},"minecraft:picked_up":{"born_in_chaos_v1:corpse_maggot":1,"tombstone:grave_dust":1,"minecraft:dirt":14,"minecraft:bone":1,"minecraft:arrow":2,"minecraft:rotten_flesh":6,"minecraft:wheat_seeds":1,"minecraft:spruce_planks":17},"minecraft:dropped":{"alexsmobs:animal_dictionary":1,"born_in_chaos_v1:corpse_maggot":1,"tombstone:grave_dust":2,"minecraft:rotten_flesh":6},"minecraft:killed_by":{"undead_revamp2:thehunter":2,"born_in_chaos_v1:scarlet_persecutor":1,"born_in_chaos_v1:corpse_fly":2,"minecraft:player":2,"minecraft:spider":1}},"DataVersion":3465}