{"stats":{"minecraft:dropped":{"minecraft:bread":3,"minecraft:lilac":9,"alexsmobs:animal_dictionary":1,"undead_revamp2:arapholia":3,"ecologics:coconut_seedling":3,"minecraft:rotten_flesh":14,"minecraft:clay_ball":3,"minecraft:leather_helmet":2,"minecraft:item_frame":3,"minecraft:stick":3,"minecraft:poppy":1,"minecraft:leather_chestplate":1,"tombstone:bag_of_seeds":1,"minecraft:allium":1,"born_in_chaos_v1:monster_skin":1,"tombstone:grave_key":8,"born_in_chaos_v1:corpse_maggot":3,"minecraft:leather_boots":1,"minecraft:oak_sapling":1,"tombstone:grave_dust":4,"minecraft:leather_leggings":2,"minecraft:string":3,"minecraft:bone":1,"minecraft:armor_stand":2},"minecraft:used":{"minecraft:water_bucket":15,"minecraft:leather_leggings":2,"minecraft:stone_pickaxe":123,"minecraft:baked_potato":1,"minecraft:wooden_pickaxe":26,"minecraft:leather_chestplate":2,"minecraft:iron_sword":20,"minecraft:dirt":14,"minecraft:crafting_table":3,"minecraft:wooden_axe":14,"born_in_chaos_v1:monster_flesh":1,"minecraft:bread":10,"minecraft:iron_pickaxe":3,"minecraft:leather_helmet":4,"minecraft:stone_axe":36,"minecraft:cobblestone":10,"minecraft:scaffolding":1,"ecologics:coconut_log":1,"minecraft:furnace":1,"minecraft:bucket":16,"tombstone:gift":1,"alexsmobs:animal_dictionary":3,"minecraft:wheat_seeds":2,"minecraft:cooked_beef":2},"minecraft:picked_up":{"minecraft:allium":1,"born_in_chaos_v1:corpse_maggot":3,"minecraft:crafting_table":1,"minecraft:wheat":30,"minecraft:leather_chestplate":1,"minecraft:lilac":9,"born_in_chaos_v1:monster_flesh":1,"minecraft:clay_ball":3,"minecraft:leather_leggings":2,"ecologics:coconut_planks":37,"minecraft:leather":1,"tombstone:grave_key":7,"minecraft:string":3,"minecraft:dirt":16,"born_in_chaos_v1:monster_skin":1,"minecraft:armor_stand":1,"minecraft:item_frame":3,"minecraft:bone":1,"minecraft:wheat_seeds":46,"minecraft:spruce_planks":17,"minecraft:iron_ingot":1,"minecraft:beef":2,"minecraft:rose_bush":1,"tombstone:bag_of_seeds":1,"minecraft:poppy":1,"minecraft:iron_pickaxe":1,"minecraft:scaffolding":2,"minecraft:stick":2,"minecraft:raw_iron":51,"ecologics:coconut_seedling":3,"tombstone:grave_dust":3,"minecraft:leather_helmet":1,"minecraft:arrow":5,"minecraft:rotten_flesh":14,"minecraft:hay_block":2,"ecologics:coconut_log":9,"minecraft:iron_block":1,"minecraft:emerald":1,"minecraft:oak_sapling":1,"undead_revamp2:arapholia":3,"minecraft:coal":43,"minecraft:cobblestone":35,"minecraft:ender_pearl":1},"minecraft:killed_by":{"undead_revamp2:thehunter":2,"minecraft:player":4,"minecraft:silverfish":2,"minecraft:spider":1,"born_in_chaos_v1:zombie_bruiser":1,"born_in_chaos_v1:scarlet_persecutor":1,"born_in_chaos_v1:corpse_fly":2},"minecraft:crafted":{"minecraft:cooked_beef":2,"minecraft:crafting_table":2,"ecologics:coconut_planks":32,"minecraft:iron_helmet":1,"minecraft:wooden_pickaxe":2,"minecraft:baked_potato":8,"minecraft:iron_sword":1,"minecraft:furnace":1,"minecraft:bucket":1,"minecraft:stone_axe":1,"minecraft:bread":6,"minecraft:air":0,"minecraft:iron_boots":1,"minecraft:iron_chestplate":1,"minecraft:shield":1,"minecraft:iron_axe":1,"minecraft:stick":16,"minecraft:iron_ingot":44,"minecraft:stone_pickaxe":1,"minecraft:wooden_axe":2,"minecraft:iron_leggings":1,"minecraft:wheat":18},"minecraft:killed":{"undead_revamp2:the_moonflower":1,"luminousworld:frost_bitten_skeleton":1,"born_in_chaos_v1:zombie_bruiser":1,"born_in_chaos_v1:maggot":4,"minecraft:skeleton":1,"born_in_chaos_v1:dread_hound":1,"takesapillage:clay_golem":1,"born_in_chaos_v1:corpse_fly":1,"minecraft:silverfish":7,"minecraft:cow":1,"enemyexpansion:slugger":1},"minecraft:mined":{"undead_revamp2:arapholia":1,"minecraft:scaffolding":2,"luminousworld:grassvariant_4":2,"minecraft:oak_fence":1,"minecraft:crafting_table":1,"minecraft:grass_block":10,"minecraft:poppy":1,"ecologics:coconut_leaves":1,"luminousworld:grassvariant_2":1,"minecraft:tall_grass":7,"minecraft:cobblestone":1,"ecologics:coconut_log":10,"minecraft:hay_block":2,"minecraft:iron_ore":54,"minecraft:wheat":3,"minecraft:birch_leaves":1,"minecraft:peony":1,"minecraft:grass":10,"minecraft:coal_ore":44,"minecraft:dirt":3,"luminousworld:grassvariant_3":4,"minecraft:cobweb":1,"minecraft:stone":35,"minecraft:iron_block":1,"minecraft:oak_leaves":1,"minecraft:infested_stone":5},"minecraft:custom":{"minecraft:interact_with_furnace":26,"minecraft:mob_kills":21,"minecraft:interact_with_crafting_table":18,"minecraft:open_barrel":3,"minecraft:leave_game":10,"minecraft:time_since_death":23319,"minecraft:sleep_in_bed":4,"minecraft:climb_one_cm":2838,"minecraft:time_since_rest":4047,"minecraft:sprint_one_cm":276747,"minecraft:damage_taken":4603,"minecraft:walk_one_cm":182968,"minecraft:drop":67,"minecraft:damage_dealt":4870,"minecraft:player_kills":3,"minecraft:swim_one_cm":6967,"minecraft:talked_to_villager":2,"minecraft:fly_one_cm":606443,"minecraft:open_chest":4,"minecraft:crouch_one_cm":8704,"minecraft:play_time":85746,"tombstone:undead_killed":5,"minecraft:deaths":17,"minecraft:sneak_time":3798,"minecraft:walk_under_water_one_cm":5095,"minecraft:jump":2575,"minecraft:walk_on_water_one_cm":3260,"minecraft:total_world_time":85746,"minecraft:fall_one_cm":65013}},"DataVersion":3465}