{"stats":{"minecraft:mined":{"undead_revamp2:arapholia":1,"minecraft:scaffolding":2,"luminousworld:grassvariant_4":2,"minecraft:crafting_table":1,"minecraft:grass_block":7,"minecraft:poppy":1,"ecologics:coconut_leaves":1,"luminousworld:grassvariant_2":1,"ecologics:coconut_log":10,"minecraft:iron_ore":19,"minecraft:grass":5,"minecraft:coal_ore":14,"minecraft:dirt":3,"luminousworld:grassvariant_3":2,"minecraft:stone":21,"minecraft:infested_stone":4},"minecraft:killed":{"luminousworld:frost_bitten_skeleton":1,"born_in_chaos_v1:corpse_fly":1,"minecraft:silverfish":5},"minecraft:custom":{"minecraft:interact_with_furnace":3,"minecraft:mob_kills":8,"minecraft:interact_with_crafting_table":6,"minecraft:open_barrel":3,"minecraft:leave_game":8,"minecraft:time_since_death":2107,"minecraft:climb_one_cm":2072,"minecraft:time_since_rest":1689,"minecraft:sprint_one_cm":168477,"minecraft:damage_taken":3189,"minecraft:walk_one_cm":99065,"minecraft:drop":30,"minecraft:damage_dealt":2277,"minecraft:swim_one_cm":6926,"minecraft:fly_one_cm":483566,"minecraft:player_kills":2,"minecraft:open_chest":4,"minecraft:crouch_one_cm":3312,"minecraft:play_time":52781,"tombstone:undead_killed":1,"minecraft:deaths":14,"minecraft:sneak_time":1301,"minecraft:walk_under_water_one_cm":1122,"minecraft:jump":1872,"minecraft:walk_on_water_one_cm":835,"minecraft:total_world_time":52781,"minecraft:fall_one_cm":45521},"minecraft:crafted":{"minecraft:crafting_table":2,"ecologics:coconut_planks":32,"minecraft:wooden_pickaxe":2,"minecraft:furnace":1,"minecraft:stone_axe":1,"minecraft:bread":6,"minecraft:stick":12,"minecraft:stone_pickaxe":1,"minecraft:wooden_axe":2},"minecraft:used":{"minecraft:leather_leggings":2,"minecraft:stone_pickaxe":39,"minecraft:wooden_pickaxe":21,"minecraft:leather_chestplate":2,"minecraft:dirt":14,"minecraft:crafting_table":3,"minecraft:wooden_axe":14,"minecraft:bread":4,"minecraft:leather_helmet":4,"minecraft:stone_axe":14,"minecraft:scaffolding":1,"ecologics:coconut_log":1,"minecraft:furnace":1,"tombstone:gift":1,"alexsmobs:animal_dictionary":3},"minecraft:picked_up":{"born_in_chaos_v1:corpse_maggot":1,"minecraft:crafting_table":1,"minecraft:wheat":20,"minecraft:leather_chestplate":1,"ecologics:coconut_planks":37,"minecraft:leather_leggings":1,"tombstone:grave_key":7,"minecraft:dirt":14,"minecraft:item_frame":3,"minecraft:bone":1,"minecraft:wheat_seeds":29,"minecraft:spruce_planks":17,"minecraft:iron_ingot":1,"tombstone:bag_of_seeds":1,"minecraft:iron_pickaxe":1,"minecraft:scaffolding":1,"minecraft:stick":1,"minecraft:raw_iron":19,"ecologics:coconut_seedling":3,"tombstone:grave_dust":1,"minecraft:leather_helmet":1,"minecraft:arrow":5,"minecraft:rotten_flesh":6,"ecologics:coconut_log":9,"undead_revamp2:arapholia":1,"minecraft:coal":14,"minecraft:cobblestone":21,"minecraft:ender_pearl":1},"minecraft:dropped":{"minecraft:bread":3,"alexsmobs:animal_dictionary":1,"undead_revamp2:arapholia":1,"ecologics:coconut_seedling":3,"minecraft:rotten_flesh":6,"minecraft:item_frame":3,"minecraft:stick":1,"tombstone:bag_of_seeds":1,"tombstone:grave_key":8,"born_in_chaos_v1:corpse_maggot":1,"tombstone:grave_dust":2},"minecraft:killed_by":{"undead_revamp2:thehunter":2,"minecraft:player":4,"minecraft:silverfish":1,"minecraft:spider":1,"born_in_chaos_v1:scarlet_persecutor":1,"born_in_chaos_v1:corpse_fly":2}},"DataVersion":3465}