{"stats":{"minecraft:mined":{"minecraft:grass":4,"minecraft:poppy":1,"minecraft:grass_block":1},"minecraft:killed":{"born_in_chaos_v1:corpse_fly":1},"minecraft:custom":{"minecraft:time_since_rest":2521,"minecraft:crouch_one_cm":187,"minecraft:play_time":20018,"minecraft:sprint_one_cm":53701,"minecraft:walk_one_cm":32530,"minecraft:damage_taken":1025,"minecraft:deaths":5,"minecraft:sneak_time":40,"minecraft:mob_kills":2,"minecraft:drop":10,"minecraft:jump":696,"minecraft:damage_dealt":1053,"minecraft:time_since_death":3178,"minecraft:total_world_time":20018,"minecraft:player_kills":2,"minecraft:interact_with_crafting_table":1,"minecraft:fall_one_cm":17443,"minecraft:fly_one_cm":180626},"minecraft:crafted":{"minecraft:crafting_table":1,"minecraft:stick":4,"minecraft:wooden_pickaxe":1,"minecraft:wooden_axe":1},"minecraft:used":{"minecraft:wooden_axe":5,"minecraft:dirt":1,"minecraft:crafting_table":1,"tombstone:gift":1,"alexsmobs:animal_dictionary":3},"minecraft:picked_up":{"born_in_chaos_v1:corpse_maggot":1,"minecraft:rotten_flesh":6,"minecraft:wheat_seeds":1,"minecraft:spruce_planks":17,"tombstone:grave_dust":1,"minecraft:dirt":1},"minecraft:killed_by":{"born_in_chaos_v1:corpse_fly":2,"minecraft:player":2},"minecraft:dropped":{"tombstone:grave_dust":2,"minecraft:rotten_flesh":6,"alexsmobs:animal_dictionary":1,"born_in_chaos_v1:corpse_maggot":1}},"DataVersion":3465}