{"stats":{"minecraft:mined":{"undead_revamp2:arapholia":1,"minecraft:crafting_table":1,"minecraft:grass":4,"minecraft:grass_block":7,"minecraft:poppy":1,"ecologics:coconut_leaves":1,"minecraft:dirt":3,"ecologics:coconut_log":10},"minecraft:killed":{"born_in_chaos_v1:corpse_fly":1,"luminousworld:frost_bitten_skeleton":1},"minecraft:custom":{"minecraft:interact_with_furnace":1,"minecraft:time_since_rest":4160,"minecraft:sprint_one_cm":136971,"minecraft:damage_taken":2565,"minecraft:walk_one_cm":68534,"minecraft:mob_kills":3,"minecraft:drop":22,"minecraft:damage_dealt":1866,"minecraft:interact_with_crafting_table":2,"minecraft:swim_one_cm":6926,"minecraft:player_kills":2,"minecraft:fly_one_cm":449527,"minecraft:open_barrel":3,"minecraft:open_chest":3,"minecraft:crouch_one_cm":1549,"minecraft:play_time":41965,"tombstone:undead_killed":1,"minecraft:deaths":12,"minecraft:sneak_time":877,"minecraft:walk_under_water_one_cm":1122,"minecraft:jump":1682,"minecraft:leave_game":5,"minecraft:time_since_death":4666,"minecraft:walk_on_water_one_cm":797,"minecraft:climb_one_cm":851,"minecraft:total_world_time":41965,"minecraft:fall_one_cm":39618},"minecraft:crafted":{"minecraft:crafting_table":2,"ecologics:coconut_planks":32,"minecraft:stick":8,"minecraft:wooden_pickaxe":2,"minecraft:wooden_axe":2},"minecraft:used":{"minecraft:wooden_axe":14,"minecraft:leather_leggings":2,"minecraft:leather_helmet":4,"minecraft:leather_chestplate":2,"minecraft:dirt":14,"minecraft:crafting_table":2,"ecologics:coconut_log":1,"tombstone:gift":1,"alexsmobs:animal_dictionary":3},"minecraft:picked_up":{"minecraft:stick":1,"born_in_chaos_v1:corpse_maggot":1,"minecraft:crafting_table":1,"minecraft:leather_chestplate":1,"minecraft:leather_leggings":1,"ecologics:coconut_planks":37,"ecologics:coconut_seedling":3,"tombstone:grave_key":5,"tombstone:grave_dust":1,"minecraft:dirt":14,"minecraft:leather_helmet":1,"minecraft:item_frame":2,"minecraft:arrow":5,"minecraft:bone":1,"minecraft:rotten_flesh":6,"minecraft:wheat_seeds":1,"minecraft:spruce_planks":17,"ecologics:coconut_log":9,"minecraft:iron_ingot":1,"tombstone:bag_of_seeds":1,"undead_revamp2:arapholia":1},"minecraft:dropped":{"tombstone:bag_of_seeds":1,"alexsmobs:animal_dictionary":1,"tombstone:grave_key":6,"born_in_chaos_v1:corpse_maggot":1,"ecologics:coconut_seedling":3,"undead_revamp2:arapholia":1,"tombstone:grave_dust":2,"minecraft:rotten_flesh":6,"minecraft:stick":1},"minecraft:killed_by":{"undead_revamp2:thehunter":2,"born_in_chaos_v1:scarlet_persecutor":1,"born_in_chaos_v1:corpse_fly":2,"minecraft:player":3,"minecraft:spider":1}},"DataVersion":3465}