{"stats":{"minecraft:used":{"minecraft:smithing_table":1,"minecraft:crafting_table":1,"minecraft:bedrock":1,"minecraft:oak_sign":1},"minecraft:custom":{"minecraft:jump":63,"minecraft:time_since_rest":222,"minecraft:interact_with_smithing_table":1,"minecraft:damage_taken":20,"minecraft:leave_game":4,"minecraft:time_since_death":165,"minecraft:crouch_one_cm":108,"minecraft:play_time":13093,"minecraft:walk_one_cm":6337,"minecraft:sprint_one_cm":5392,"minecraft:walk_on_water_one_cm":130,"minecraft:deaths":3,"minecraft:sneak_time":219,"minecraft:total_world_time":13093,"minecraft:walk_under_water_one_cm":1379,"minecraft:interact_with_crafting_table":1,"minecraft:fall_one_cm":904,"minecraft:fly_one_cm":19951},"minecraft:crafted":{"minecraft:smithing_table":1}},"DataVersion":2975}