{"stats":{"minecraft:dropped":{"minecraft:spruce_sign":2},"minecraft:picked_up":{"minecraft:stone":1,"minecraft:glow_ink_sac":2,"minecraft:sea_pickle":23,"minecraft:wheat_seeds":16,"minecraft:spruce_sign":6,"minecraft:melon_seeds":2},"minecraft:used":{"minecraft:glow_squid_spawn_egg":1,"minecraft:yellow_dye":1,"minecraft:grass_block":3,"minecraft:green_wool":13,"minecraft:sea_pickle":3,"minecraft:iron_sword":2,"minecraft:stone":2,"minecraft:coarse_dirt":17,"minecraft:red_dye":9,"minecraft:spruce_sign":44,"minecraft:glow_ink_sac":10},"minecraft:custom":{"minecraft:time_since_rest":78895,"minecraft:open_chest":1,"minecraft:crouch_one_cm":4320,"minecraft:deaths":2,"minecraft:sprint_one_cm":82933,"minecraft:play_time":84303,"minecraft:damage_taken":217,"minecraft:walk_one_cm":139541,"minecraft:sneak_time":2179,"minecraft:walk_under_water_one_cm":26057,"minecraft:mob_kills":1,"minecraft:drop":2,"minecraft:jump":462,"minecraft:damage_dealt":409,"minecraft:leave_game":3,"minecraft:walk_on_water_one_cm":2044,"minecraft:time_since_death":78892,"minecraft:total_world_time":84303,"minecraft:swim_one_cm":120,"minecraft:fall_one_cm":6979,"minecraft:fly_one_cm":812786,"minecraft:player_kills":1},"minecraft:killed":{"minecraft:glow_squid":1}},"DataVersion":2975}