{"stats":{"minecraft:picked_up":{"minecraft:stone":1,"minecraft:sea_pickle":23,"minecraft:melon_seeds":2,"minecraft:wheat_seeds":16},"minecraft:used":{"minecraft:stone":2},"minecraft:custom":{"minecraft:jump":198,"minecraft:open_chest":1,"minecraft:time_since_rest":21515,"minecraft:damage_dealt":309,"minecraft:damage_taken":187,"minecraft:leave_game":2,"minecraft:time_since_death":21512,"minecraft:crouch_one_cm":1897,"minecraft:play_time":26923,"minecraft:walk_one_cm":15754,"minecraft:sprint_one_cm":22480,"minecraft:walk_on_water_one_cm":1097,"minecraft:deaths":2,"minecraft:sneak_time":883,"minecraft:total_world_time":26923,"minecraft:walk_under_water_one_cm":8074,"minecraft:fall_one_cm":6148,"minecraft:fly_one_cm":475377,"minecraft:player_kills":1}},"DataVersion":2975}