{"stats":{"minecraft:custom":{"minecraft:jump":7,"minecraft:time_since_rest":1902,"minecraft:interact_with_smithing_table":1,"minecraft:leave_game":1,"minecraft:damage_taken":20,"minecraft:walk_on_water_one_cm":130,"minecraft:sprint_one_cm":425,"minecraft:play_time":2697,"minecraft:deaths":2,"minecraft:time_since_death":1873,"minecraft:walk_one_cm":563,"minecraft:sneak_time":74,"minecraft:total_world_time":2697,"minecraft:walk_under_water_one_cm":1379,"minecraft:interact_with_crafting_table":1,"minecraft:fall_one_cm":693,"minecraft:fly_one_cm":2916},"minecraft:crafted":{"minecraft:smithing_table":1},"minecraft:used":{"minecraft:smithing_table":1,"minecraft:crafting_table":1}},"DataVersion":2975}