{"stats":{"minecraft:picked_up":{"minecraft:chain_command_block":1,"minecraft:repeating_command_block":1,"minecraft:oak_sign":1,"minecraft:dandelion":1},"minecraft:custom":{"minecraft:time_since_rest":6192,"minecraft:damage_taken":1455,"minecraft:crouch_one_cm":13087,"minecraft:sprint_one_cm":37260,"minecraft:play_time":51911,"minecraft:deaths":3,"minecraft:walk_one_cm":30618,"minecraft:sneak_time":2220,"minecraft:walk_under_water_one_cm":3667,"minecraft:drop":4,"minecraft:jump":234,"minecraft:damage_dealt":63,"minecraft:leave_game":5,"minecraft:walk_on_water_one_cm":1570,"minecraft:time_since_death":6114,"minecraft:total_world_time":51911,"minecraft:swim_one_cm":5562,"minecraft:fall_one_cm":18365,"minecraft:fly_one_cm":388142},"minecraft:killed_by":{"minecraft:skeleton":1},"minecraft:dropped":{"minecraft:repeating_command_block":1,"minecraft:chain_command_block":1,"minecraft:oak_sign":1},"minecraft:used":{"minecraft:grass_block":13,"minecraft:birch_leaves":13,"minecraft:oak_sign":62,"minecraft:stone":24}},"DataVersion":2975}