{"stats":{"minecraft:picked_up":{"minecraft:chain_command_block":1,"minecraft:repeating_command_block":1,"minecraft:oak_sign":1,"minecraft:dandelion":1},"minecraft:custom":{"minecraft:time_since_rest":29611,"minecraft:damage_taken":120,"minecraft:crouch_one_cm":13087,"minecraft:sprint_one_cm":31354,"minecraft:play_time":39911,"minecraft:deaths":1,"minecraft:walk_one_cm":27817,"minecraft:sneak_time":2142,"minecraft:walk_under_water_one_cm":1978,"minecraft:drop":4,"minecraft:jump":191,"minecraft:damage_dealt":18,"minecraft:leave_game":5,"minecraft:walk_on_water_one_cm":758,"minecraft:time_since_death":29608,"minecraft:total_world_time":39911,"minecraft:swim_one_cm":1778,"minecraft:fall_one_cm":2649,"minecraft:fly_one_cm":233255},"minecraft:dropped":{"minecraft:repeating_command_block":1,"minecraft:chain_command_block":1,"minecraft:oak_sign":1},"minecraft:used":{"minecraft:grass_block":12,"minecraft:birch_leaves":13,"minecraft:oak_sign":62,"minecraft:stone":24}},"DataVersion":2975}