{"stats":{"minecraft:picked_up":{"minecraft:repeating_command_block":1,"minecraft:chain_command_block":1,"minecraft:oak_sign":1},"minecraft:used":{"minecraft:oak_sign":62,"minecraft:stone":10},"minecraft:custom":{"minecraft:jump":67,"minecraft:time_since_rest":8822,"minecraft:crouch_one_cm":738,"minecraft:leave_game":2,"minecraft:play_time":8822,"minecraft:sprint_one_cm":10485,"minecraft:time_since_death":8822,"minecraft:walk_one_cm":7462,"minecraft:sneak_time":485,"minecraft:total_world_time":8822,"minecraft:drop":3,"minecraft:fall_one_cm":627,"minecraft:fly_one_cm":24442},"minecraft:dropped":{"minecraft:chain_command_block":1,"minecraft:oak_sign":1,"minecraft:repeating_command_block":1}},"DataVersion":2975}