{"stats":{"minecraft:dropped":{"minecraft:spruce_sign":2,"minecraft:coarse_dirt":2,"minecraft:green_wool":2},"minecraft:picked_up":{"minecraft:coarse_dirt":2,"minecraft:stone":1,"minecraft:glow_ink_sac":2,"minecraft:sea_pickle":23,"minecraft:wheat_seeds":16,"minecraft:green_wool":1,"minecraft:spruce_sign":8,"minecraft:melon_seeds":2},"minecraft:used":{"minecraft:glow_squid_spawn_egg":1,"minecraft:yellow_dye":1,"minecraft:grass_block":6,"minecraft:green_wool":17,"minecraft:sea_pickle":3,"minecraft:iron_sword":2,"minecraft:stone":2,"minecraft:coarse_dirt":19,"minecraft:red_dye":9,"minecraft:spruce_sign":95,"minecraft:glow_ink_sac":10},"minecraft:custom":{"minecraft:time_since_rest":93922,"minecraft:open_chest":1,"minecraft:crouch_one_cm":4673,"minecraft:deaths":2,"minecraft:sprint_one_cm":86502,"minecraft:play_time":99330,"minecraft:damage_taken":217,"minecraft:walk_one_cm":175003,"minecraft:sneak_time":2371,"minecraft:walk_under_water_one_cm":27911,"minecraft:mob_kills":1,"minecraft:drop":6,"minecraft:jump":491,"minecraft:damage_dealt":409,"minecraft:leave_game":4,"minecraft:walk_on_water_one_cm":2046,"minecraft:time_since_death":93919,"minecraft:total_world_time":99330,"minecraft:swim_one_cm":120,"minecraft:fall_one_cm":6979,"minecraft:fly_one_cm":820475,"minecraft:player_kills":1},"minecraft:killed":{"minecraft:glow_squid":1}},"DataVersion":2975}