{"stats":{"minecraft:custom":{"minecraft:jump":41,"minecraft:time_since_rest":4688,"minecraft:interact_with_smithing_table":1,"minecraft:damage_taken":20,"minecraft:leave_game":2,"minecraft:time_since_death":4659,"minecraft:play_time":5483,"minecraft:walk_one_cm":2597,"minecraft:sprint_one_cm":2972,"minecraft:walk_on_water_one_cm":130,"minecraft:deaths":2,"minecraft:sneak_time":105,"minecraft:total_world_time":5483,"minecraft:walk_under_water_one_cm":1379,"minecraft:interact_with_crafting_table":1,"minecraft:fall_one_cm":693,"minecraft:fly_one_cm":10224,"minecraft:crouch_one_cm":90},"minecraft:crafted":{"minecraft:smithing_table":1},"minecraft:used":{"minecraft:smithing_table":1,"minecraft:bedrock":1,"minecraft:crafting_table":1,"minecraft:oak_sign":1}},"DataVersion":2975}