{"stats":{"minecraft:picked_up":{"minecraft:stone":1,"minecraft:sea_pickle":23,"minecraft:wheat_seeds":16,"minecraft:melon_seeds":2},"minecraft:used":{"minecraft:sea_pickle":3,"minecraft:stone":2,"minecraft:coarse_dirt":2},"minecraft:custom":{"minecraft:time_since_rest":54895,"minecraft:open_chest":1,"minecraft:crouch_one_cm":3260,"minecraft:deaths":2,"minecraft:sprint_one_cm":72011,"minecraft:play_time":60303,"minecraft:damage_taken":217,"minecraft:walk_one_cm":81511,"minecraft:sneak_time":1826,"minecraft:walk_under_water_one_cm":26057,"minecraft:jump":405,"minecraft:damage_dealt":309,"minecraft:leave_game":3,"minecraft:walk_on_water_one_cm":2044,"minecraft:time_since_death":54892,"minecraft:total_world_time":60303,"minecraft:swim_one_cm":120,"minecraft:fall_one_cm":6979,"minecraft:fly_one_cm":774227,"minecraft:player_kills":1}},"DataVersion":2975}