{"stats":{"minecraft:picked_up":{"minecraft:stone":1,"minecraft:melon_seeds":2,"minecraft:wheat_seeds":16},"minecraft:used":{"minecraft:stone":2},"minecraft:custom":{"minecraft:jump":153,"minecraft:time_since_rest":9897,"minecraft:damage_dealt":309,"minecraft:damage_taken":187,"minecraft:leave_game":1,"minecraft:time_since_death":9894,"minecraft:crouch_one_cm":100,"minecraft:play_time":15305,"minecraft:walk_one_cm":13055,"minecraft:sprint_one_cm":18038,"minecraft:walk_on_water_one_cm":1097,"minecraft:deaths":2,"minecraft:sneak_time":273,"minecraft:total_world_time":15305,"minecraft:walk_under_water_one_cm":8074,"minecraft:fall_one_cm":6148,"minecraft:fly_one_cm":296771,"minecraft:player_kills":1}},"DataVersion":2975}