{"stats":{"minecraft:picked_up":{"minecraft:stone":1,"minecraft:glow_ink_sac":2,"minecraft:sea_pickle":23,"minecraft:wheat_seeds":16,"minecraft:melon_seeds":2},"minecraft:used":{"minecraft:glow_squid_spawn_egg":1,"minecraft:yellow_dye":1,"minecraft:grass_block":3,"minecraft:green_wool":1,"minecraft:sea_pickle":3,"minecraft:iron_sword":2,"minecraft:stone":2,"minecraft:coarse_dirt":2,"minecraft:red_dye":1,"minecraft:spruce_sign":3,"minecraft:glow_ink_sac":2},"minecraft:custom":{"minecraft:time_since_rest":66895,"minecraft:open_chest":1,"minecraft:crouch_one_cm":3936,"minecraft:deaths":2,"minecraft:sprint_one_cm":79989,"minecraft:play_time":72303,"minecraft:damage_taken":217,"minecraft:walk_one_cm":115245,"minecraft:sneak_time":2105,"minecraft:walk_under_water_one_cm":26057,"minecraft:mob_kills":1,"minecraft:jump":453,"minecraft:damage_dealt":409,"minecraft:leave_game":3,"minecraft:walk_on_water_one_cm":2044,"minecraft:time_since_death":66892,"minecraft:total_world_time":72303,"minecraft:swim_one_cm":120,"minecraft:fall_one_cm":6979,"minecraft:fly_one_cm":809211,"minecraft:player_kills":1},"minecraft:killed":{"minecraft:glow_squid":1}},"DataVersion":2975}