{"stats":{"minecraft:used":{"minecraft:netherite_sword":85,"minecraft:bedrock":26,"minecraft:bow":49,"minecraft:brick_slab":5,"minecraft:brick_stairs":1},"minecraft:dropped":{"minecraft:rotten_flesh":1,"minecraft:chain_command_block":1,"minecraft:bedrock":1,"minecraft:oak_sign":2,"minecraft:wooden_axe":1,"minecraft:netherite_sword":1},"minecraft:custom":{"minecraft:open_chest":3,"minecraft:time_since_rest":48093,"minecraft:crouch_one_cm":2355,"minecraft:play_time":58257,"minecraft:sprint_one_cm":20393,"minecraft:damage_taken":110,"minecraft:deaths":1,"minecraft:walk_one_cm":34100,"minecraft:sneak_time":858,"minecraft:walk_under_water_one_cm":1939,"minecraft:mob_kills":62,"minecraft:drop":7,"minecraft:jump":189,"minecraft:damage_dealt":3412,"minecraft:leave_game":5,"minecraft:time_since_death":48089,"minecraft:walk_on_water_one_cm":253,"minecraft:total_world_time":58257,"minecraft:fall_one_cm":627,"minecraft:fly_one_cm":40265},"minecraft:picked_up":{"minecraft:wooden_axe":1,"minecraft:chain_command_block":1,"minecraft:rotten_flesh":2,"minecraft:oak_sign":24,"minecraft:netherite_sword":1,"minecraft:bedrock":1,"minecraft:gunpowder":186},"minecraft:killed":{"minecraft:creeper":18}},"DataVersion":2975}