{"stats":{"minecraft:used":{"minecraft:stone":79,"minecraft:grass_block":15},"minecraft:custom":{"minecraft:jump":66,"minecraft:time_since_rest":4639,"minecraft:damage_dealt":62,"minecraft:damage_taken":1040,"minecraft:crouch_one_cm":608,"minecraft:leave_game":3,"minecraft:play_time":16898,"minecraft:sprint_one_cm":5116,"minecraft:time_since_death":4610,"minecraft:walk_one_cm":5128,"minecraft:deaths":4,"minecraft:sneak_time":501,"minecraft:total_world_time":16898,"minecraft:fall_one_cm":967,"minecraft:fly_one_cm":89323}},"DataVersion":2975}