{"stats":{"minecraft:custom":{"minecraft:jump":214,"minecraft:open_chest":1,"minecraft:time_since_rest":1,"minecraft:damage_taken":570,"minecraft:leave_game":3,"minecraft:crouch_one_cm":505,"minecraft:time_since_death":144,"minecraft:play_time":30192,"minecraft:sprint_one_cm":14159,"minecraft:walk_one_cm":10863,"minecraft:deaths":5,"minecraft:sneak_time":431,"minecraft:total_world_time":30192,"minecraft:climb_one_cm":337,"minecraft:fall_one_cm":8971,"minecraft:fly_one_cm":147083,"minecraft:player_kills":1,"minecraft:damage_dealt":190},"minecraft:crafted":{"tombstone:grave_key":3},"minecraft:used":{"tombstone:gift":3,"minecraft:ender_pearl":4,"tombstone:grave_key":1,"minecraft:stripped_birch_log":2},"minecraft:killed_by":{"undead_revamp2:the_moonflower":2}},"DataVersion":3465}