{"stats":{"minecraft:mined":{"minecraft:spruce_log":2,"minecraft:grass":3,"minecraft:grass_block":4,"minecraft:dirt":4,"minecraft:spruce_leaves":1},"minecraft:custom":{"minecraft:time_since_rest":1192,"minecraft:sprint_one_cm":93065,"minecraft:damage_taken":3328,"minecraft:walk_one_cm":61971,"tombstone:sneak_grave":1,"minecraft:drop":8,"minecraft:damage_dealt":1169,"minecraft:interact_with_crafting_table":1,"minecraft:player_kills":3,"minecraft:fly_one_cm":342598,"minecraft:open_barrel":2,"minecraft:open_chest":4,"minecraft:crouch_one_cm":1781,"minecraft:play_time":76466,"minecraft:deaths":17,"minecraft:sneak_time":967,"tombstone:tomb_raiding":1,"minecraft:jump":1111,"minecraft:leave_game":3,"minecraft:time_since_death":3398,"minecraft:total_world_time":76466,"minecraft:climb_one_cm":337,"minecraft:fall_one_cm":30429},"minecraft:crafted":{"tombstone:grave_key":4},"minecraft:used":{"minecraft:stripped_birch_log":2,"minecraft:ender_pearl":4,"tombstone:grave_key":1,"minecraft:rotten_flesh":3,"minecraft:dirt":7,"tombstone:gift":7},"minecraft:picked_up":{"tombstone:grave_key":2,"tombstone:grave_dust":2,"minecraft:spruce_log":2,"minecraft:dirt":9,"minecraft:rotten_flesh":5,"minecraft:poppy":1},"minecraft:dropped":{"tombstone:grave_key":6,"tombstone:grave_dust":2},"minecraft:killed_by":{"undead_revamp2:thehunter":1,"born_in_chaos_v1:corpse_fly":1,"minecraft:player":1,"undead_revamp2:the_moonflower":2,"alexsmobs:tusklin":3,"minecraft:spider":2,"luminousworld:frost_bitten_skeleton":1}},"DataVersion":3465}