{"stats":{"minecraft:killed":{"minecraft:glow_squid":1},"minecraft:picked_up":{"minecraft:glow_ink_sac":3,"minecraft:oak_sign":1,"minecraft:rabbit_hide":1,"minecraft:egg":18},"minecraft:crafted":{"minecraft:red_dye":2},"minecraft:used":{"minecraft:glow_squid_spawn_egg":1,"minecraft:golden_sword":2,"minecraft:command_block":10,"minecraft:crafting_table":1,"minecraft:red_wool":4,"minecraft:green_dye":2,"minecraft:grass_block":16,"minecraft:lime_wool":3,"minecraft:chain_command_block":27,"minecraft:oak_sign":15,"minecraft:orange_wool":2,"minecraft:repeating_command_block":20,"minecraft:acacia_button":4,"minecraft:stone":98,"minecraft:red_dye":16,"minecraft:glow_ink_sac":15},"minecraft:mined":{"minecraft:grass":2,"minecraft:tall_grass":2},"minecraft:custom":{"minecraft:time_since_rest":60367,"minecraft:crouch_one_cm":26313,"minecraft:sprint_one_cm":30579,"minecraft:play_time":72626,"minecraft:deaths":4,"minecraft:damage_taken":1090,"minecraft:walk_one_cm":134252,"minecraft:sneak_time":2547,"minecraft:mob_kills":1,"minecraft:jump":239,"minecraft:damage_dealt":162,"minecraft:leave_game":5,"minecraft:time_since_death":60338,"minecraft:total_world_time":72626,"minecraft:interact_with_crafting_table":1,"minecraft:fall_one_cm":1723,"minecraft:fly_one_cm":184385}},"DataVersion":2975}