{"stats":{"minecraft:mined":{"minecraft:spruce_planks":4,"minecraft:mossy_cobblestone":3,"luminousworld:grassvariant_4":2,"minecraft:dark_oak_log":1,"luminousworld:mossbuds_1":2,"minecraft:dark_oak_fence":1,"minecraft:grass_block":28,"luminousworld:grassvariant_2":2,"luminousworld:blackberrybush":1,"ecologics:coconut_log":13,"minecraft:spruce_leaves":3,"minecraft:large_fern":4,"minecraft:hay_block":22,"minecraft:iron_ore":15,"minecraft:fire":7,"minecraft:andesite":1,"luminousworld:mossbuds_3":1,"minecraft:gold_block":1,"minecraft:oak_stairs":1,"minecraft:stone":84,"minecraft:oak_slab":2,"minecraft:glass_pane":2,"minecraft:scaffolding":3,"luminousworld:blueberrybush":3,"quark:dark_oak_chest":1,"minecraft:oak_fence":1,"iceandfire:podium_acacia":1,"luminousworld:savannah_grass_1":1,"minecraft:copper_ore":2,"minecraft:tall_grass":2,"minecraft:cobblestone":11,"luminousworld:whiteoaklog":2,"minecraft:birch_planks":2,"minecraft:dark_oak_wall_sign":1,"minecraft:birch_log":3,"minecraft:spruce_log":2,"minecraft:birch_leaves":4,"minecraft:grass":9,"minecraft:coal_ore":20,"minecraft:oak_log":6,"minecraft:acacia_fence":1,"minecraft:sand":1,"minecraft:dirt":22,"luminousworld:grassvariant_3":1,"minecraft:cobweb":1,"luminousworld:savannah_grass_4":5,"minecraft:oak_leaves":36},"minecraft:killed":{"born_in_chaos_v1:skeleton_demoman":1,"luminousworld:swallowtail":1,"undead_revamp2:theswarmer":1,"born_in_chaos_v1:maggot":2,"minecraft:bee":2,"ad_astra:pygro":1,"minecraft:silverfish":1,"minecraft:wolf":1,"earthmobsmod:lobber_zombie":1,"minecraft:creeper":1,"luminousworld:crab":1,"minecraft:pillager":4,"minecraft:zombie":1,"born_in_chaos_v1:dark_vortex":1,"enemyexpansion:wasp":2,"enemyexpansion:slugger":2},"minecraft:custom":{"minecraft:mob_kills":30,"minecraft:interact_with_crafting_table":18,"minecraft:open_barrel":2,"minecraft:damage_dealt_resisted":160,"minecraft:leave_game":6,"minecraft:time_since_death":17513,"minecraft:climb_one_cm":6825,"minecraft:sprint_one_cm":348225,"minecraft:walk_one_cm":274454,"minecraft:damage_blocked_by_shield":1035,"minecraft:drop":332,"minecraft:talked_to_villager":2,"minecraft:play_time":222991,"minecraft:deaths":33,"minecraft:sneak_time":6985,"minecraft:walk_under_water_one_cm":5088,"tombstone:tomb_raiding":3,"minecraft:jump":3352,"minecraft:walk_on_water_one_cm":18997,"minecraft:total_world_time":222991,"minecraft:interact_with_furnace":6,"tombstone:raider_killed":4,"minecraft:time_since_rest":15114,"minecraft:damage_absorbed":1200,"minecraft:damage_taken":10624,"tombstone:sneak_grave":12,"minecraft:damage_dealt":9907,"tombstone:cast_on_ally":2,"minecraft:player_kills":16,"minecraft:swim_one_cm":26047,"minecraft:fly_one_cm":715551,"minecraft:open_chest":15,"minecraft:crouch_one_cm":21828,"tombstone:undead_killed":6,"minecraft:fall_one_cm":85049},"minecraft:crafted":{"minecraft:wooden_sword":1,"minecraft:oak_planks":60,"ecologics:coconut_planks":56,"tombstone:grave_key":6,"minecraft:stone_pickaxe":1,"sophisticatedbackpacks:iron_backpack":2,"sophisticatedbackpacks:backpack":2,"minecraft:crafting_table":3,"minecraft:wooden_pickaxe":1,"sophisticatedbackpacks:gold_backpack":1,"minecraft:stone_axe":1,"minecraft:stick":12,"quark:oak_chest":2,"supplementaries:bubble_blower":2,"minecraft:iron_ingot":18,"minecraft:wooden_axe":1,"minecraft:stone_sword":1,"minecraft:gold_ingot":9},"minecraft:used":{"minecraft:flint_and_steel":18,"born_in_chaos_v1:ethereal_spirit":5,"minecraft:armor_stand":4,"minecraft:shield":29,"minecraft:iron_sword":149,"minecraft:rotten_flesh":3,"minecraft:torch":13,"minecraft:dirt":36,"ad_astra:tier_4_rocket":8,"ad_astra:tier_1_rover":3,"minecraft:wooden_axe":20,"friendsandfoes:totem_of_illusion":1,"tombstone:gift":8,"iceandfire:dragonegg_copper":7,"naturalist:dragonfly_spawn_egg":3,"minecraft:water_bucket":6,"minecraft:diorite":1,"minecraft:stripped_birch_log":2,"minecraft:stone_pickaxe":49,"minecraft:oak_planks":8,"minecraft:ender_pearl":7,"minecraft:wooden_pickaxe":9,"luminousworld:ishstone":3,"minecraft:diamond_axe":17,"supplementaries:slingshot":49,"minecraft:golden_apple":34,"tombstone:scroll_of_feather_fall":2,"minecraft:crafting_table":5,"mowziesmobs:wrought_axe":1,"tombstone:bag_of_seeds":1,"minecraft:oak_log":1,"minecraft:diamond_pickaxe":14,"minecraft:bread":17,"quark:pickarang":399,"ad_astra:launch_pad":5,"tombstone:magic_scroll":2,"quark:flamerang":108,"tombstone:grave_key":2,"securitycraft:mine":9,"minecraft:wooden_sword":10,"minecraft:cobblestone":114,"minecraft:bucket":6},"minecraft:broken":{"minecraft:iron_boots":1,"minecraft:iron_helmet":1},"minecraft:picked_up":{"minecraft:wooden_axe":1,"minecraft:iron_chestplate":2,"minecraft:crafting_table":1,"illagerinvasion:platinum_chunk":5,"minecraft:leather_leggings":3,"minecraft:oak_stairs":1,"minecraft:gold_block":1,"ad_astra:tier_4_rocket":4,"tombstone:grave_key":11,"quark:dark_oak_chest":2,"minecraft:shield":2,"minecraft:string":14,"minecraft:raw_copper":6,"minecraft:iron_leggings":2,"minecraft:item_frame":1,"minecraft:armor_stand":4,"minecraft:iron_shovel":1,"iceandfire:bestiary":1,"minecraft:spruce_planks":4,"ad_astra:mars_cobblestone":36,"minecraft:rose_bush":3,"minecraft:poppy":1,"minecraft:iron_pickaxe":1,"iceandfire:podium_acacia":1,"minecraft:iron_boots":2,"minecraft:egg":3,"minecraft:stick":4,"minecraft:raw_iron":14,"luminousworld:spuds":1,"supplementaries:netherite_door":1,"minecraft:torch":47,"minecraft:acacia_log":1,"supplementaries:bamboo_spikes_tipped":1,"sophisticatedbackpacks:backpack":3,"iceandfire:dragonegg_copper":4,"born_in_chaos_v1:pieceofdarkmetal":4,"tombstone:grave_dust":9,"minecraft:diorite":1,"born_in_chaos_v1:nightmare_claw":2,"minecraft:rotten_flesh":13,"ecologics:coconut_log":14,"minecraft:hay_block":22,"minecraft:gold_ingot":1,"tombstone:essence_of_undeath":1,"supplementaries:ash":1,"minecraft:mutton":1,"minecraft:white_wool":1,"minecraft:cobblestone":95,"minecraft:birch_log":3,"born_in_chaos_v1:corpse_maggot":2,"minecraft:leather_chestplate":5,"quark:flamerang":1,"minecraft:water_bucket":1,"minecraft:andesite":1,"ecologics:coconut_planks":25,"luminousworld:ishstone":3,"minecraft:acacia_wood":3,"minecraft:potato":1,"minecraft:birch_planks":1,"minecraft:oak_log":10,"mowziesmobs:wrought_axe":3,"quark:cherry_ladder":1,"minecraft:gunpowder":5,"minecraft:dirt":103,"born_in_chaos_v1:nightmare_stalker_skull":1,"tombstone:gift":1,"born_in_chaos_v1:monster_skin":2,"minecraft:leather_boots":6,"minecraft:bone":2,"ad_astra:venus_sand":68,"minecraft:wheat_seeds":4,"minecraft:iron_ingot":1,"minecraft:dark_oak_sign":1,"quark:pickarang":2,"tombstone:bag_of_seeds":1,"luminousworld:autumnplank":29,"minecraft:honeycomb":1,"minecraft:iron_sword":4,"minecraft:oak_planks":20,"minecraft:scaffolding":4,"minecraft:dark_oak_slab":2,"born_in_chaos_v1:ethereal_spirit":1,"born_in_chaos_v1:dark_rod":1,"minecraft:spruce_log":2,"minecraft:dark_oak_log":1,"minecraft:mossy_cobblestone":3,"minecraft:leather_helmet":3,"luminousworld:whiteoaklog":2,"minecraft:iron_helmet":3,"minecraft:granite":1,"minecraft:crossbow":1,"minecraft:diamond_axe":2,"minecraft:golden_apple":41,"minecraft:bread":82,"minecraft:emerald":3,"tombstone:magic_scroll":1,"minecraft:oak_sapling":10,"minecraft:ender_pearl":1,"minecraft:coal":19,"minecraft:diamond_pickaxe":1},"minecraft:killed_by":{"minecraft:player":4,"undead_revamp2:the_moonflower":3,"born_in_chaos_v1:nightmare_stalker":4,"minecraft:spider":2,"minecraft:pillager":1,"ad_astra:pygro":1,"born_in_chaos_v1:corpse_fly":1,"alexsmobs:tusklin":3,"undead_revamp2:thehunter":1,"enemyexpansion:wasp":1,"luminousworld:frost_bitten_skeleton":1,"enemyexpansion:invisicreeper":1},"minecraft:dropped":{"quark:pickarang":5,"sophisticatedbackpacks:iron_backpack":1,"minecraft:water_bucket":1,"minecraft:iron_ingot":9,"minecraft:bread":140,"minecraft:iron_sword":4,"minecraft:acacia_wood":1,"minecraft:wheat_seeds":1,"minecraft:diamond_axe":2,"minecraft:oak_log":8,"luminousworld:ishstone":2,"minecraft:mossy_cobblestone":1,"minecraft:ender_pearl":3,"luminousworld:spuds":1,"ecologics:coconut_seedling":3,"minecraft:crossbow":1,"minecraft:dark_oak_slab":2,"minecraft:oak_fence":1,"minecraft:iron_helmet":6,"minecraft:cobblestone":1,"minecraft:leather":10,"minecraft:honeycomb":1,"minecraft:granite":1,"born_in_chaos_v1:pieceofdarkmetal":2,"minecraft:acacia_log":1,"born_in_chaos_v1:nightmare_claw":1,"mowziesmobs:wrought_axe":4,"minecraft:coal":1,"minecraft:leather_helmet":2,"minecraft:golden_apple":45,"friendsandfoes:totem_of_illusion":2,"minecraft:stick":4,"minecraft:emerald":3,"minecraft:dirt":32,"tombstone:bag_of_seeds":1,"minecraft:dark_oak_log":1,"illagerinvasion:platinum_chunk":5,"minecraft:torch":74,"minecraft:mangrove_wood":5,"tombstone:grave_key":17,"minecraft:mutton":1,"minecraft:wooden_axe":2,"minecraft:rose_bush":3,"tombstone:grave_dust":10,"minecraft:iron_leggings":5,"minecraft:sand":1,"minecraft:iron_axe":3,"minecraft:iron_pickaxe":5,"minecraft:iron_shovel":2,"minecraft:string":36,"minecraft:birch_log":2,"minecraft:white_wool":1,"minecraft:gold_ingot":2,"minecraft:bone":10,"ecologics:coconut_planks":62,"minecraft:wheat":1,"minecraft:raw_iron":1,"quark:dark_oak_chest":2,"tombstone:gift":1,"ecologics:coconut_log":1,"minecraft:rotten_flesh":13,"ad_astra:mars_cobblestone":36,"minecraft:oak_planks":28,"minecraft:iron_boots":5,"sophisticatedbackpacks:backpack":4,"minecraft:name_tag":1,"supplementaries:bamboo_spikes_tipped":1,"ad_astra:tier_4_rocket":5,"supplementaries:soap":62,"minecraft:leather_chestplate":3,"supplementaries:ash":1,"minecraft:potato":1,"minecraft:hay_block":5,"minecraft:shield":6,"minecraft:gunpowder":3,"minecraft:iron_chestplate":5,"minecraft:diamond_pickaxe":1,"minecraft:andesite":1,"born_in_chaos_v1:corpse_maggot":2,"minecraft:leather_boots":4,"minecraft:oak_sapling":10,"minecraft:leather_leggings":2,"supplementaries:bubble_blower":1,"tombstone:essence_of_undeath":1,"minecraft:stone_pickaxe":1,"born_in_chaos_v1:dark_rod":1,"luminousworld:beastiary":1,"minecraft:egg":3}},"DataVersion":3465}