{"stats":{"minecraft:mined":{"minecraft:grass":2},"minecraft:custom":{"minecraft:time_since_rest":547,"minecraft:open_chest":1,"minecraft:crouch_one_cm":507,"minecraft:sprint_one_cm":26114,"minecraft:play_time":52466,"minecraft:deaths":7,"minecraft:damage_taken":927,"minecraft:walk_one_cm":24674,"minecraft:sneak_time":459,"minecraft:drop":4,"minecraft:jump":388,"minecraft:damage_dealt":586,"minecraft:leave_game":3,"minecraft:time_since_death":1428,"minecraft:climb_one_cm":337,"minecraft:total_world_time":52466,"minecraft:fall_one_cm":13743,"minecraft:fly_one_cm":178814,"minecraft:player_kills":2},"minecraft:crafted":{"tombstone:grave_key":3},"minecraft:used":{"minecraft:stripped_birch_log":2,"tombstone:gift":5,"minecraft:ender_pearl":4,"tombstone:grave_key":1,"minecraft:rotten_flesh":1},"minecraft:picked_up":{"minecraft:rotten_flesh":5,"tombstone:grave_key":2,"tombstone:grave_dust":1},"minecraft:killed_by":{"luminousworld:frost_bitten_skeleton":1,"undead_revamp2:the_moonflower":2},"minecraft:dropped":{"tombstone:grave_dust":1,"tombstone:grave_key":3}},"DataVersion":3465}