{"stats":{"minecraft:custom":{"minecraft:jump":120,"minecraft:time_since_rest":2072,"minecraft:crouch_one_cm":9,"minecraft:walk_one_cm":6547,"minecraft:leave_game":1,"minecraft:play_time":19913,"minecraft:sprint_one_cm":6916,"minecraft:damage_taken":260,"minecraft:time_since_death":2834,"minecraft:deaths":3,"minecraft:sneak_time":138,"minecraft:total_world_time":19913,"minecraft:fall_one_cm":4942,"minecraft:fly_one_cm":38840},"minecraft:crafted":{"tombstone:grave_key":3},"minecraft:used":{"tombstone:gift":3,"minecraft:ender_pearl":2,"tombstone:grave_key":1,"minecraft:stripped_birch_log":2},"minecraft:killed_by":{"undead_revamp2:the_moonflower":1}},"DataVersion":3465}