{"stats":{"minecraft:mined":{"minecraft:grass":3},"minecraft:custom":{"minecraft:time_since_rest":447,"minecraft:open_chest":1,"minecraft:crouch_one_cm":577,"minecraft:sprint_one_cm":57840,"minecraft:play_time":64466,"minecraft:deaths":12,"minecraft:damage_taken":2423,"minecraft:walk_one_cm":43745,"tombstone:sneak_grave":1,"minecraft:sneak_time":538,"minecraft:drop":6,"tombstone:tomb_raiding":1,"minecraft:jump":740,"minecraft:damage_dealt":1048,"minecraft:leave_game":3,"minecraft:time_since_death":1152,"minecraft:climb_one_cm":337,"minecraft:total_world_time":64466,"minecraft:interact_with_crafting_table":1,"minecraft:fall_one_cm":20929,"minecraft:fly_one_cm":261972,"minecraft:player_kills":3},"minecraft:crafted":{"tombstone:grave_key":4},"minecraft:used":{"minecraft:stripped_birch_log":2,"tombstone:gift":7,"minecraft:ender_pearl":4,"tombstone:grave_key":1,"minecraft:rotten_flesh":3},"minecraft:picked_up":{"minecraft:rotten_flesh":5,"tombstone:grave_key":2,"minecraft:poppy":1,"tombstone:grave_dust":2},"minecraft:killed_by":{"born_in_chaos_v1:corpse_fly":1,"minecraft:player":1,"luminousworld:frost_bitten_skeleton":1,"undead_revamp2:the_moonflower":2,"alexsmobs:tusklin":3},"minecraft:dropped":{"tombstone:grave_dust":2,"tombstone:grave_key":4}},"DataVersion":3465}