{"stats":{"minecraft:used":{"minecraft:bedrock":52,"minecraft:cyan_terracotta":1,"minecraft:flint_and_steel":2,"minecraft:command_block":5,"minecraft:grass_block":19,"minecraft:lantern":1,"minecraft:brick_slab":1,"minecraft:chain_command_block":6,"minecraft:repeating_command_block":3,"minecraft:stone":3,"minecraft:obsidian":15},"minecraft:picked_up":{"minecraft:wooden_axe":1,"minecraft:chain_command_block":1,"minecraft:oak_sign":26,"minecraft:wheat_seeds":6,"minecraft:bedrock":1,"minecraft:poppy":1,"minecraft:gunpowder":526},"minecraft:dropped":{"minecraft:bedrock":1},"minecraft:custom":{"minecraft:time_since_rest":64292,"minecraft:crouch_one_cm":22683,"minecraft:sprint_one_cm":40142,"minecraft:play_time":116390,"minecraft:damage_taken":360,"minecraft:deaths":2,"minecraft:walk_one_cm":74454,"minecraft:sneak_time":2587,"minecraft:walk_under_water_one_cm":6261,"minecraft:mob_kills":7,"minecraft:drop":1,"minecraft:jump":235,"minecraft:damage_dealt":200,"minecraft:leave_game":9,"minecraft:walk_on_water_one_cm":636,"minecraft:time_since_death":64289,"minecraft:total_world_time":116390,"minecraft:fall_one_cm":5105,"minecraft:fly_one_cm":444649}},"DataVersion":2975}