{"stats":{"minecraft:crafted":{"minecraft:red_dye":2},"minecraft:killed":{"minecraft:glow_squid":1},"minecraft:picked_up":{"minecraft:glow_ink_sac":2,"minecraft:oak_sign":1},"minecraft:used":{"minecraft:glow_squid_spawn_egg":1,"minecraft:golden_sword":2,"minecraft:crafting_table":1,"minecraft:command_block":10,"minecraft:red_wool":4,"minecraft:green_dye":1,"minecraft:grass_block":16,"minecraft:lime_wool":3,"minecraft:chain_command_block":27,"minecraft:oak_sign":14,"minecraft:orange_wool":2,"minecraft:repeating_command_block":20,"minecraft:acacia_button":4,"minecraft:stone":95,"minecraft:red_dye":15,"minecraft:glow_ink_sac":14},"minecraft:custom":{"minecraft:time_since_rest":40639,"minecraft:crouch_one_cm":4281,"minecraft:sprint_one_cm":23545,"minecraft:play_time":52898,"minecraft:deaths":4,"minecraft:damage_taken":1040,"minecraft:walk_one_cm":40100,"minecraft:sneak_time":1776,"minecraft:mob_kills":1,"minecraft:jump":215,"minecraft:damage_dealt":162,"minecraft:leave_game":3,"minecraft:time_since_death":40610,"minecraft:total_world_time":52898,"minecraft:interact_with_crafting_table":1,"minecraft:fall_one_cm":967,"minecraft:fly_one_cm":170756}},"DataVersion":2975}