{"stats":{"minecraft:used":{"minecraft:lime_wool":3,"minecraft:repeating_command_block":20,"minecraft:chain_command_block":27,"minecraft:acacia_button":2,"minecraft:stone":94,"minecraft:red_wool":4,"minecraft:command_block":10,"minecraft:orange_wool":2,"minecraft:grass_block":16},"minecraft:custom":{"minecraft:jump":164,"minecraft:time_since_rest":28639,"minecraft:damage_dealt":62,"minecraft:damage_taken":1040,"minecraft:crouch_one_cm":3184,"minecraft:leave_game":3,"minecraft:play_time":40898,"minecraft:sprint_one_cm":12837,"minecraft:time_since_death":28610,"minecraft:walk_one_cm":29778,"minecraft:deaths":4,"minecraft:sneak_time":1395,"minecraft:total_world_time":40898,"minecraft:fall_one_cm":967,"minecraft:fly_one_cm":137283}},"DataVersion":2975}