{"stats":{"minecraft:killed":{"born_in_chaos_v1:skeleton_demoman":1,"luminousworld:swallowtail":1,"undead_revamp2:theswarmer":1,"born_in_chaos_v1:maggot":2,"minecraft:bee":2,"minecraft:silverfish":1,"minecraft:wolf":1,"earthmobsmod:lobber_zombie":1,"minecraft:creeper":1,"luminousworld:crab":1,"minecraft:zombie":1,"born_in_chaos_v1:dark_vortex":1,"enemyexpansion:wasp":2,"enemyexpansion:slugger":2},"minecraft:used":{"born_in_chaos_v1:ethereal_spirit":5,"minecraft:armor_stand":4,"minecraft:shield":20,"minecraft:iron_sword":97,"minecraft:rotten_flesh":3,"minecraft:torch":13,"minecraft:dirt":36,"minecraft:wooden_axe":20,"tombstone:gift":7,"minecraft:water_bucket":3,"minecraft:diorite":1,"minecraft:stripped_birch_log":2,"minecraft:stone_pickaxe":49,"minecraft:ender_pearl":7,"minecraft:wooden_pickaxe":9,"luminousworld:ishstone":3,"minecraft:diamond_axe":8,"supplementaries:slingshot":18,"minecraft:golden_apple":26,"tombstone:scroll_of_feather_fall":2,"minecraft:crafting_table":3,"minecraft:oak_log":1,"tombstone:bag_of_seeds":1,"minecraft:diamond_pickaxe":14,"minecraft:bread":10,"quark:pickarang":381,"tombstone:magic_scroll":2,"quark:flamerang":67,"tombstone:grave_key":2,"minecraft:wooden_sword":10,"minecraft:cobblestone":111,"minecraft:bucket":3},"minecraft:crafted":{"minecraft:wooden_sword":1,"minecraft:oak_planks":4,"ecologics:coconut_planks":56,"tombstone:grave_key":6,"minecraft:stone_pickaxe":1,"sophisticatedbackpacks:backpack":2,"minecraft:crafting_table":2,"minecraft:wooden_pickaxe":1,"minecraft:stone_axe":1,"minecraft:stick":12,"quark:oak_chest":2,"supplementaries:bubble_blower":2,"minecraft:wooden_axe":1,"minecraft:stone_sword":1},"minecraft:picked_up":{"minecraft:iron_chestplate":2,"minecraft:crafting_table":1,"minecraft:leather_leggings":3,"minecraft:oak_stairs":1,"minecraft:gold_block":1,"tombstone:grave_key":11,"minecraft:shield":2,"minecraft:string":1,"minecraft:raw_copper":6,"minecraft:iron_leggings":2,"minecraft:armor_stand":4,"minecraft:spruce_planks":4,"minecraft:rose_bush":1,"minecraft:poppy":1,"minecraft:iron_pickaxe":1,"minecraft:iron_boots":2,"minecraft:egg":1,"minecraft:stick":2,"minecraft:raw_iron":14,"minecraft:torch":47,"sophisticatedbackpacks:backpack":2,"tombstone:grave_dust":4,"minecraft:diorite":1,"born_in_chaos_v1:nightmare_claw":2,"born_in_chaos_v1:pieceofdarkmetal":4,"minecraft:rotten_flesh":13,"minecraft:hay_block":22,"ecologics:coconut_log":14,"tombstone:essence_of_undeath":1,"minecraft:cobblestone":91,"minecraft:birch_log":3,"born_in_chaos_v1:corpse_maggot":2,"minecraft:leather_chestplate":5,"minecraft:water_bucket":1,"minecraft:andesite":1,"ecologics:coconut_planks":25,"luminousworld:ishstone":3,"minecraft:potato":1,"minecraft:oak_log":10,"minecraft:gunpowder":2,"minecraft:dirt":101,"born_in_chaos_v1:nightmare_stalker_skull":1,"born_in_chaos_v1:monster_skin":2,"minecraft:leather_boots":6,"minecraft:bone":2,"minecraft:wheat_seeds":3,"minecraft:dark_oak_sign":1,"quark:pickarang":2,"tombstone:bag_of_seeds":1,"minecraft:oak_planks":20,"minecraft:iron_sword":4,"minecraft:honeycomb":1,"minecraft:scaffolding":4,"born_in_chaos_v1:ethereal_spirit":1,"born_in_chaos_v1:dark_rod":1,"minecraft:spruce_log":2,"minecraft:mossy_cobblestone":3,"minecraft:leather_helmet":3,"luminousworld:whiteoaklog":2,"minecraft:iron_helmet":3,"minecraft:granite":1,"minecraft:diamond_axe":2,"minecraft:golden_apple":41,"minecraft:bread":82,"tombstone:magic_scroll":1,"minecraft:oak_sapling":8,"minecraft:coal":19,"minecraft:diamond_pickaxe":1},"minecraft:killed_by":{"minecraft:player":3,"undead_revamp2:the_moonflower":2,"born_in_chaos_v1:nightmare_stalker":3,"minecraft:spider":2,"born_in_chaos_v1:corpse_fly":1,"alexsmobs:tusklin":3,"undead_revamp2:thehunter":1,"enemyexpansion:wasp":1,"luminousworld:frost_bitten_skeleton":1,"enemyexpansion:invisicreeper":1},"minecraft:mined":{"minecraft:spruce_planks":4,"minecraft:mossy_cobblestone":3,"luminousworld:grassvariant_4":2,"minecraft:grass_block":28,"luminousworld:grassvariant_2":2,"luminousworld:blackberrybush":1,"ecologics:coconut_log":13,"minecraft:spruce_leaves":2,"minecraft:hay_block":22,"minecraft:iron_ore":15,"minecraft:andesite":1,"minecraft:gold_block":1,"minecraft:oak_stairs":1,"minecraft:stone":84,"minecraft:scaffolding":3,"luminousworld:blueberrybush":3,"minecraft:tall_grass":1,"minecraft:copper_ore":2,"minecraft:cobblestone":7,"luminousworld:whiteoaklog":2,"minecraft:dark_oak_wall_sign":1,"minecraft:birch_log":3,"minecraft:spruce_log":2,"minecraft:birch_leaves":4,"minecraft:grass":9,"minecraft:coal_ore":20,"minecraft:oak_log":6,"minecraft:sand":1,"minecraft:dirt":22,"luminousworld:grassvariant_3":1,"minecraft:cobweb":1,"minecraft:oak_leaves":36},"minecraft:dropped":{"minecraft:water_bucket":1,"quark:pickarang":5,"minecraft:iron_ingot":5,"minecraft:bread":140,"minecraft:iron_sword":4,"minecraft:diamond_axe":2,"minecraft:oak_log":4,"luminousworld:ishstone":2,"minecraft:ender_pearl":3,"ecologics:coconut_seedling":3,"minecraft:iron_helmet":6,"minecraft:oak_fence":1,"minecraft:honeycomb":1,"born_in_chaos_v1:pieceofdarkmetal":2,"born_in_chaos_v1:nightmare_claw":1,"minecraft:coal":1,"minecraft:leather_helmet":2,"minecraft:golden_apple":42,"minecraft:stick":1,"minecraft:dirt":29,"tombstone:bag_of_seeds":1,"minecraft:torch":74,"minecraft:mangrove_wood":5,"tombstone:grave_key":17,"minecraft:wooden_axe":1,"tombstone:grave_dust":2,"minecraft:iron_leggings":5,"minecraft:iron_axe":3,"minecraft:sand":1,"minecraft:iron_pickaxe":5,"minecraft:iron_shovel":1,"minecraft:birch_log":2,"minecraft:bone":9,"ecologics:coconut_planks":62,"minecraft:wheat":1,"minecraft:raw_iron":1,"ecologics:coconut_log":1,"minecraft:rotten_flesh":11,"minecraft:iron_boots":5,"sophisticatedbackpacks:backpack":4,"minecraft:name_tag":1,"minecraft:leather_chestplate":3,"minecraft:potato":1,"minecraft:hay_block":5,"minecraft:shield":5,"minecraft:diamond_pickaxe":1,"minecraft:iron_chestplate":5,"minecraft:andesite":1,"minecraft:leather_boots":4,"minecraft:oak_sapling":1,"minecraft:leather_leggings":2,"supplementaries:bubble_blower":1,"tombstone:essence_of_undeath":1,"minecraft:stone_pickaxe":1,"luminousworld:beastiary":1},"minecraft:custom":{"minecraft:mob_kills":21,"minecraft:interact_with_crafting_table":9,"minecraft:open_barrel":2,"minecraft:damage_dealt_resisted":160,"minecraft:leave_game":4,"minecraft:time_since_death":16249,"minecraft:climb_one_cm":6038,"minecraft:sprint_one_cm":268167,"minecraft:walk_one_cm":185354,"minecraft:damage_blocked_by_shield":660,"minecraft:drop":221,"minecraft:play_time":165050,"minecraft:deaths":27,"minecraft:sneak_time":5716,"minecraft:walk_under_water_one_cm":3952,"tombstone:tomb_raiding":3,"minecraft:jump":2653,"minecraft:walk_on_water_one_cm":13200,"minecraft:total_world_time":165050,"minecraft:interact_with_furnace":6,"minecraft:time_since_rest":16071,"minecraft:damage_taken":8069,"minecraft:damage_absorbed":880,"tombstone:sneak_grave":12,"minecraft:damage_dealt":7519,"tombstone:cast_on_ally":2,"minecraft:swim_one_cm":16658,"minecraft:fly_one_cm":588378,"minecraft:player_kills":12,"minecraft:open_chest":7,"minecraft:crouch_one_cm":17700,"tombstone:undead_killed":6,"minecraft:fall_one_cm":67071}},"DataVersion":3465}