{"stats":{"minecraft:killed":{"luminousworld:crab":1},"minecraft:used":{"minecraft:stripped_birch_log":2,"minecraft:armor_stand":4,"minecraft:stone_pickaxe":49,"minecraft:ender_pearl":7,"minecraft:wooden_pickaxe":9,"minecraft:iron_sword":1,"minecraft:rotten_flesh":3,"minecraft:golden_apple":1,"minecraft:dirt":7,"minecraft:crafting_table":1,"tombstone:bag_of_seeds":1,"minecraft:wooden_axe":20,"quark:pickarang":49,"minecraft:bread":5,"tombstone:grave_key":2,"minecraft:wooden_sword":10,"minecraft:cobblestone":8,"tombstone:gift":7},"minecraft:crafted":{"minecraft:wooden_sword":1,"minecraft:crafting_table":1,"ecologics:coconut_planks":56,"minecraft:wooden_pickaxe":1,"minecraft:stone_axe":1,"tombstone:grave_key":6,"minecraft:stick":12,"minecraft:stone_pickaxe":1,"minecraft:wooden_axe":1,"minecraft:stone_sword":1},"minecraft:picked_up":{"minecraft:leather_chestplate":3,"minecraft:leather_leggings":3,"ecologics:coconut_planks":25,"minecraft:oak_stairs":1,"tombstone:grave_key":11,"minecraft:dirt":24,"minecraft:leather_boots":4,"minecraft:armor_stand":4,"minecraft:wheat_seeds":2,"tombstone:bag_of_seeds":1,"minecraft:dark_oak_sign":1,"minecraft:poppy":1,"minecraft:scaffolding":4,"minecraft:raw_iron":14,"tombstone:grave_dust":2,"minecraft:spruce_log":2,"minecraft:leather_helmet":3,"minecraft:rotten_flesh":5,"ecologics:coconut_log":14,"minecraft:hay_block":22,"minecraft:diamond_axe":1,"minecraft:bread":3,"minecraft:coal":16,"minecraft:cobblestone":29},"minecraft:mined":{"minecraft:scaffolding":3,"minecraft:grass_block":6,"minecraft:tall_grass":1,"ecologics:coconut_log":13,"minecraft:spruce_leaves":1,"minecraft:hay_block":22,"minecraft:dark_oak_wall_sign":1,"minecraft:iron_ore":15,"minecraft:spruce_log":2,"minecraft:grass":9,"minecraft:coal_ore":17,"minecraft:oak_stairs":1,"minecraft:dirt":17,"luminousworld:grassvariant_3":1,"minecraft:stone":29,"minecraft:oak_leaves":1},"minecraft:killed_by":{"undead_revamp2:thehunter":1,"minecraft:player":1,"undead_revamp2:the_moonflower":2,"minecraft:spider":2,"luminousworld:frost_bitten_skeleton":1,"born_in_chaos_v1:corpse_fly":1,"alexsmobs:tusklin":3},"minecraft:dropped":{"quark:pickarang":1,"minecraft:bread":13,"ecologics:coconut_planks":62,"minecraft:diamond_axe":1,"minecraft:ender_pearl":2,"ecologics:coconut_log":1,"minecraft:coal":1,"minecraft:leather_helmet":2,"minecraft:stick":1,"minecraft:leather_chestplate":2,"tombstone:bag_of_seeds":1,"minecraft:hay_block":5,"tombstone:grave_key":17,"minecraft:leather_boots":3,"tombstone:grave_dust":2,"minecraft:leather_leggings":2,"minecraft:bone":4},"minecraft:custom":{"minecraft:mob_kills":1,"minecraft:interact_with_crafting_table":5,"minecraft:open_barrel":2,"minecraft:leave_game":4,"minecraft:time_since_death":23056,"minecraft:climb_one_cm":337,"minecraft:time_since_rest":22726,"minecraft:damage_absorbed":40,"minecraft:sprint_one_cm":142756,"minecraft:damage_taken":3716,"minecraft:walk_one_cm":103720,"tombstone:sneak_grave":11,"minecraft:drop":58,"minecraft:damage_dealt":2050,"minecraft:swim_one_cm":6489,"minecraft:fly_one_cm":448953,"minecraft:player_kills":6,"minecraft:open_chest":6,"minecraft:crouch_one_cm":10123,"minecraft:play_time":105050,"minecraft:deaths":19,"minecraft:sneak_time":3101,"minecraft:walk_under_water_one_cm":849,"tombstone:tomb_raiding":2,"minecraft:jump":1605,"minecraft:walk_on_water_one_cm":1851,"minecraft:total_world_time":105050,"minecraft:fall_one_cm":46221}},"DataVersion":3465}