{"stats":{"minecraft:custom":{"minecraft:jump":259,"minecraft:open_chest":1,"minecraft:time_since_rest":8019,"minecraft:damage_dealt":210,"minecraft:damage_taken":590,"minecraft:leave_game":3,"minecraft:crouch_one_cm":507,"minecraft:play_time":40466,"minecraft:time_since_death":10418,"minecraft:sprint_one_cm":15858,"minecraft:walk_one_cm":16415,"minecraft:deaths":5,"minecraft:sneak_time":442,"minecraft:total_world_time":40466,"minecraft:climb_one_cm":337,"minecraft:fall_one_cm":9375,"minecraft:fly_one_cm":159587,"minecraft:player_kills":1},"minecraft:crafted":{"tombstone:grave_key":3},"minecraft:used":{"minecraft:ender_pearl":4,"tombstone:grave_key":1,"minecraft:stripped_birch_log":2,"tombstone:gift":3},"minecraft:killed_by":{"undead_revamp2:the_moonflower":2}},"DataVersion":3465}