{"stats":{"minecraft:killed":{"minecraft:wolf":1,"luminousworld:swallowtail":1,"minecraft:creeper":1,"born_in_chaos_v1:maggot":2,"luminousworld:crab":1,"minecraft:zombie":1,"born_in_chaos_v1:dark_vortex":1,"minecraft:silverfish":1,"enemyexpansion:slugger":2},"minecraft:used":{"minecraft:water_bucket":2,"minecraft:diorite":1,"born_in_chaos_v1:ethereal_spirit":5,"minecraft:stripped_birch_log":2,"minecraft:armor_stand":4,"minecraft:stone_pickaxe":49,"minecraft:ender_pearl":7,"minecraft:shield":8,"minecraft:wooden_pickaxe":9,"minecraft:iron_sword":34,"luminousworld:ishstone":3,"minecraft:diamond_axe":4,"minecraft:rotten_flesh":3,"minecraft:torch":13,"minecraft:golden_apple":7,"minecraft:dirt":36,"tombstone:scroll_of_feather_fall":2,"minecraft:crafting_table":1,"tombstone:bag_of_seeds":1,"minecraft:wooden_axe":20,"minecraft:diamond_pickaxe":12,"quark:pickarang":212,"minecraft:bread":7,"tombstone:grave_key":2,"minecraft:wooden_sword":10,"minecraft:cobblestone":100,"minecraft:bucket":2,"tombstone:gift":7},"minecraft:crafted":{"minecraft:wooden_sword":1,"minecraft:crafting_table":1,"ecologics:coconut_planks":56,"minecraft:wooden_pickaxe":1,"minecraft:stone_axe":1,"tombstone:grave_key":6,"minecraft:stick":12,"minecraft:stone_pickaxe":1,"minecraft:wooden_axe":1,"minecraft:stone_sword":1},"minecraft:picked_up":{"born_in_chaos_v1:corpse_maggot":2,"minecraft:crafting_table":1,"minecraft:leather_chestplate":3,"minecraft:andesite":1,"luminousworld:ishstone":3,"minecraft:leather_leggings":3,"ecologics:coconut_planks":25,"minecraft:oak_stairs":1,"minecraft:oak_log":1,"tombstone:grave_key":11,"minecraft:dirt":45,"minecraft:raw_copper":6,"minecraft:leather_boots":4,"minecraft:armor_stand":4,"minecraft:wheat_seeds":2,"minecraft:spruce_planks":4,"minecraft:rose_bush":1,"tombstone:bag_of_seeds":1,"minecraft:dark_oak_sign":1,"minecraft:poppy":1,"minecraft:egg":1,"minecraft:scaffolding":4,"minecraft:stick":1,"minecraft:raw_iron":14,"minecraft:torch":1,"born_in_chaos_v1:ethereal_spirit":1,"born_in_chaos_v1:dark_rod":1,"tombstone:grave_dust":4,"minecraft:diorite":1,"minecraft:spruce_log":2,"minecraft:leather_helmet":3,"minecraft:rotten_flesh":10,"ecologics:coconut_log":14,"minecraft:hay_block":22,"minecraft:diamond_axe":1,"minecraft:bread":67,"minecraft:oak_sapling":1,"minecraft:coal":19,"minecraft:cobblestone":87},"minecraft:mined":{"minecraft:spruce_planks":4,"minecraft:scaffolding":3,"luminousworld:blueberrybush":3,"minecraft:grass_block":9,"minecraft:copper_ore":2,"minecraft:cobblestone":5,"luminousworld:blackberrybush":1,"minecraft:tall_grass":1,"ecologics:coconut_log":13,"minecraft:spruce_leaves":2,"minecraft:hay_block":22,"minecraft:dark_oak_wall_sign":1,"minecraft:iron_ore":15,"minecraft:spruce_log":2,"minecraft:andesite":1,"minecraft:grass":9,"minecraft:oak_log":1,"minecraft:coal_ore":20,"minecraft:oak_stairs":1,"minecraft:dirt":20,"luminousworld:grassvariant_3":1,"minecraft:stone":80,"minecraft:oak_leaves":10},"minecraft:killed_by":{"undead_revamp2:thehunter":1,"minecraft:player":1,"undead_revamp2:the_moonflower":2,"minecraft:spider":2,"luminousworld:frost_bitten_skeleton":1,"born_in_chaos_v1:corpse_fly":1,"alexsmobs:tusklin":3,"enemyexpansion:invisicreeper":1},"minecraft:dropped":{"quark:pickarang":1,"minecraft:bread":78,"ecologics:coconut_planks":62,"minecraft:diamond_axe":1,"minecraft:ender_pearl":2,"ecologics:coconut_log":1,"minecraft:coal":1,"minecraft:leather_helmet":2,"minecraft:golden_apple":1,"minecraft:stick":1,"minecraft:leather_chestplate":2,"tombstone:bag_of_seeds":1,"minecraft:hay_block":5,"minecraft:torch":28,"tombstone:grave_key":17,"minecraft:leather_boots":3,"tombstone:grave_dust":2,"minecraft:leather_leggings":2,"minecraft:bone":4},"minecraft:custom":{"minecraft:interact_with_furnace":6,"minecraft:mob_kills":13,"minecraft:interact_with_crafting_table":5,"minecraft:open_barrel":2,"minecraft:leave_game":4,"minecraft:time_since_death":11917,"minecraft:climb_one_cm":6038,"minecraft:time_since_rest":11690,"minecraft:damage_absorbed":200,"minecraft:sprint_one_cm":201042,"minecraft:damage_taken":4543,"minecraft:walk_one_cm":129996,"minecraft:damage_blocked_by_shield":375,"tombstone:sneak_grave":11,"minecraft:drop":89,"minecraft:damage_dealt":4261,"tombstone:cast_on_ally":1,"minecraft:swim_one_cm":14300,"minecraft:fly_one_cm":513346,"minecraft:player_kills":6,"minecraft:open_chest":6,"minecraft:crouch_one_cm":15164,"minecraft:play_time":129050,"tombstone:undead_killed":3,"minecraft:deaths":20,"minecraft:sneak_time":4963,"minecraft:walk_under_water_one_cm":1573,"tombstone:tomb_raiding":2,"minecraft:jump":2128,"minecraft:walk_on_water_one_cm":9066,"minecraft:total_world_time":129050,"minecraft:fall_one_cm":58335}},"DataVersion":3465}