{"stats":{"minecraft:killed":{"minecraft:skeleton":1,"minecraft:creeper":10},"minecraft:used":{"armaduras_d:dimensional_helmet":2,"minecraft:cyan_terracotta":1,"minecraft:command_block":5,"minecraft:flint_and_steel":2,"immersive_paintings:painting":1,"minecraft:lantern":1,"minecraft:grass_block":19,"armaduras_d:ajolote_chestplate":1,"armaduras_d:espada_celestial":11,"minecraft:sandstone":1,"minecraft:stone":3,"armaduras_d:dimensional_boots":2,"armaduras_d:dimensional_chestplate":2,"armaduras_d:ajolote_helmet":1,"minecraft:bedrock":58,"armaduras_d:dimensional_leggings":2,"minecraft:brick_slab":1,"minecraft:chain_command_block":6,"minecraft:repeating_command_block":3,"armaduras_d:ajolote_leggings":1,"armaduras_d:ajolote_boots":1,"minecraft:obsidian":15,"immersive_paintings:graffiti":1},"minecraft:killed_by":{"minecraft:creeper":1},"minecraft:custom":{"minecraft:time_since_rest":5957,"minecraft:sprint_one_cm":53378,"minecraft:damage_taken":886,"minecraft:walk_one_cm":94029,"minecraft:mob_kills":20,"minecraft:drop":6,"minecraft:damage_dealt":2275,"minecraft:fly_one_cm":602280,"minecraft:crouch_one_cm":25071,"minecraft:play_time":243456,"minecraft:deaths":4,"minecraft:sneak_time":3128,"minecraft:walk_under_water_one_cm":10036,"minecraft:jump":366,"minecraft:leave_game":10,"minecraft:walk_on_water_one_cm":648,"minecraft:time_since_death":5933,"minecraft:total_world_time":243456,"minecraft:damage_resisted":354,"minecraft:fall_one_cm":12486},"minecraft:picked_up":{"minecraft:wooden_axe":1,"armaduras_d:ajolote_leggings":3,"armaduras_d:dimensional_leggings":1,"armaduras_d:dimensional_helmet":1,"minecraft:sandstone":49,"minecraft:chain_command_block":1,"armaduras_d:dimensional_boots":1,"armaduras_d:ajolote_boots":3,"armaduras_d:espada_celestial":1,"armaduras_d:dimensional_chestplate":1,"minecraft:bedrock":1,"minecraft:gunpowder":534,"minecraft:bone":2,"armaduras_d:ajolote_helmet":3,"minecraft:arrow":2,"minecraft:rotten_flesh":2,"minecraft:oak_sign":26,"minecraft:wheat_seeds":6,"immersive_paintings:graffiti":1,"armaduras_d:ajolote_chestplate":3,"minecraft:poppy":1},"minecraft:dropped":{"armaduras_d:ajolote_helmet":1,"armaduras_d:ajolote_leggings":1,"armaduras_d:ajolote_boots":1,"armaduras_d:ajolote_chestplate":1,"minecraft:arrow":2,"minecraft:bedrock":1}},"DataVersion":2975}