{"stats":{"minecraft:custom":{"minecraft:jump":162,"minecraft:open_chest":1,"minecraft:time_since_rest":5967,"minecraft:crouch_one_cm":133,"minecraft:walk_one_cm":8407,"minecraft:leave_game":2,"minecraft:play_time":23808,"minecraft:sprint_one_cm":12514,"minecraft:damage_taken":290,"minecraft:time_since_death":6729,"minecraft:deaths":3,"minecraft:sneak_time":342,"minecraft:climb_one_cm":337,"minecraft:total_world_time":23808,"minecraft:fall_one_cm":5472,"minecraft:fly_one_cm":142041},"minecraft:crafted":{"tombstone:grave_key":3},"minecraft:used":{"tombstone:gift":3,"minecraft:ender_pearl":4,"tombstone:grave_key":1,"minecraft:stripped_birch_log":2},"minecraft:killed_by":{"undead_revamp2:the_moonflower":1}},"DataVersion":3465}