{"stats":{"minecraft:killed":{"minecraft:skeleton":7,"minecraft:wither_skeleton":1,"minecraft:creeper":32},"minecraft:used":{"minecraft:netherite_sword":35,"minecraft:cyan_terracotta":1,"minecraft:command_block":5,"minecraft:flint_and_steel":2,"immersive_paintings:painting":1,"minecraft:lime_wool":2,"minecraft:lantern":1,"minecraft:grass_block":19,"minecraft:oak_sign":1,"armaduras_d:ajolote_chestplate":1,"armaduras_d:espada_celestial":11,"minecraft:green_wool":111,"minecraft:netherite_axe":10,"minecraft:sandstone":1,"minecraft:stone":3,"armaduras_d:dimensional_boots":2,"armaduras_d:ajolote_helmet":1,"armaduras_d:dimensional_chestplate":2,"minecraft:bedrock":63,"minecraft:diamond_sword":1,"armaduras_d:dimensional_leggings":2,"minecraft:brick_slab":1,"minecraft:chain_command_block":9,"minecraft:repeating_command_block":10,"armaduras_d:ajolote_leggings":1,"armaduras_d:dimensional_helmet":2,"armaduras_d:ajolote_boots":1,"armaduras_d:made_in_heaven":36,"minecraft:obsidian":15,"immersive_paintings:graffiti":1,"minecraft:creeper_spawn_egg":1},"minecraft:killed_by":{"minecraft:creeper":2},"minecraft:custom":{"minecraft:time_since_rest":30580,"minecraft:sprint_one_cm":75371,"minecraft:damage_taken":1801,"minecraft:walk_one_cm":127439,"minecraft:mob_kills":51,"minecraft:drop":6,"minecraft:damage_dealt":10823,"minecraft:fly_one_cm":777281,"minecraft:crouch_one_cm":28831,"minecraft:play_time":315204,"minecraft:deaths":7,"minecraft:sneak_time":4227,"minecraft:walk_under_water_one_cm":11834,"minecraft:jump":621,"minecraft:leave_game":11,"minecraft:time_since_death":30557,"minecraft:walk_on_water_one_cm":648,"minecraft:total_world_time":315204,"minecraft:damage_resisted":354,"minecraft:fall_one_cm":22060},"minecraft:picked_up":{"minecraft:wooden_axe":1,"armaduras_d:ajolote_leggings":3,"armaduras_d:dimensional_leggings":1,"armaduras_d:dimensional_helmet":1,"minecraft:coarse_dirt":2,"minecraft:sandstone":49,"minecraft:chain_command_block":1,"armaduras_d:dimensional_boots":1,"armaduras_d:ajolote_boots":3,"armaduras_d:espada_celestial":1,"armaduras_d:dimensional_chestplate":1,"minecraft:bedrock":1,"minecraft:gunpowder":561,"minecraft:bone":10,"armaduras_d:ajolote_helmet":3,"minecraft:arrow":5,"minecraft:rotten_flesh":2,"minecraft:oak_sign":26,"minecraft:wheat_seeds":6,"immersive_paintings:graffiti":1,"armaduras_d:ajolote_chestplate":3,"minecraft:netherite_sword":1,"minecraft:green_wool":4,"minecraft:poppy":1},"minecraft:dropped":{"armaduras_d:ajolote_helmet":1,"armaduras_d:ajolote_leggings":1,"armaduras_d:ajolote_boots":1,"armaduras_d:ajolote_chestplate":1,"minecraft:arrow":2,"minecraft:bedrock":1}},"DataVersion":2975}