{"stats":{"minecraft:picked_up":{"minecraft:wooden_axe":1,"armaduras_d:dimensional_helmet":1,"armaduras_d:dimensional_leggings":1,"armaduras_d:ajolote_leggings":3,"minecraft:chain_command_block":1,"armaduras_d:dimensional_boots":1,"armaduras_d:ajolote_boots":3,"armaduras_d:espada_celestial":1,"armaduras_d:dimensional_chestplate":1,"minecraft:bedrock":1,"minecraft:gunpowder":528,"armaduras_d:ajolote_helmet":3,"minecraft:oak_sign":26,"armaduras_d:ajolote_chestplate":3,"minecraft:wheat_seeds":6,"immersive_paintings:graffiti":1,"minecraft:poppy":1},"minecraft:killed_by":{"minecraft:creeper":1},"minecraft:custom":{"minecraft:time_since_rest":5990,"minecraft:sprint_one_cm":45670,"minecraft:damage_taken":630,"minecraft:walk_one_cm":85579,"minecraft:mob_kills":8,"minecraft:drop":5,"minecraft:damage_dealt":270,"minecraft:fly_one_cm":493663,"minecraft:crouch_one_cm":24746,"minecraft:play_time":140810,"minecraft:deaths":3,"minecraft:sneak_time":2807,"minecraft:walk_under_water_one_cm":8712,"minecraft:jump":274,"minecraft:leave_game":9,"minecraft:time_since_death":5253,"minecraft:walk_on_water_one_cm":636,"minecraft:total_world_time":140810,"minecraft:fall_one_cm":7746},"minecraft:used":{"armaduras_d:dimensional_helmet":1,"minecraft:cyan_terracotta":1,"minecraft:flint_and_steel":2,"immersive_paintings:painting":1,"minecraft:command_block":5,"minecraft:lantern":1,"minecraft:grass_block":19,"armaduras_d:ajolote_chestplate":1,"minecraft:stone":3,"armaduras_d:dimensional_boots":1,"armaduras_d:dimensional_chestplate":1,"armaduras_d:ajolote_helmet":1,"minecraft:bedrock":52,"armaduras_d:dimensional_leggings":1,"minecraft:brick_slab":1,"minecraft:chain_command_block":6,"minecraft:repeating_command_block":3,"armaduras_d:ajolote_leggings":1,"armaduras_d:ajolote_boots":1,"minecraft:obsidian":15,"immersive_paintings:graffiti":1},"minecraft:dropped":{"armaduras_d:ajolote_helmet":1,"armaduras_d:ajolote_leggings":1,"armaduras_d:ajolote_boots":1,"armaduras_d:ajolote_chestplate":1,"minecraft:bedrock":1}},"DataVersion":2975}