{"stats":{"minecraft:mined":{"minecraft:hay_block":17,"minecraft:dark_oak_wall_sign":1,"minecraft:spruce_log":2,"minecraft:grass":5,"minecraft:grass_block":4,"minecraft:dirt":4,"ecologics:coconut_log":13,"minecraft:spruce_leaves":1},"minecraft:killed":{"luminousworld:crab":1},"minecraft:custom":{"minecraft:time_since_rest":6142,"minecraft:sprint_one_cm":120313,"minecraft:damage_taken":3546,"minecraft:walk_one_cm":78589,"tombstone:sneak_grave":11,"minecraft:mob_kills":1,"minecraft:drop":36,"minecraft:damage_dealt":1514,"minecraft:swim_one_cm":2484,"minecraft:interact_with_crafting_table":2,"minecraft:player_kills":4,"minecraft:fly_one_cm":402027,"minecraft:open_barrel":2,"minecraft:open_chest":6,"minecraft:crouch_one_cm":5723,"minecraft:play_time":88466,"minecraft:deaths":19,"minecraft:sneak_time":1891,"minecraft:walk_under_water_one_cm":442,"tombstone:tomb_raiding":2,"minecraft:jump":1369,"minecraft:walk_on_water_one_cm":917,"minecraft:leave_game":3,"minecraft:time_since_death":6472,"minecraft:total_world_time":88466,"minecraft:climb_one_cm":337,"minecraft:fall_one_cm":38057},"minecraft:crafted":{"minecraft:wooden_sword":1,"minecraft:crafting_table":1,"tombstone:grave_key":6,"ecologics:coconut_planks":56,"minecraft:stick":4,"minecraft:wooden_axe":1},"minecraft:used":{"tombstone:bag_of_seeds":1,"minecraft:wooden_axe":7,"minecraft:stripped_birch_log":2,"minecraft:bread":2,"minecraft:ender_pearl":7,"tombstone:grave_key":2,"minecraft:rotten_flesh":3,"minecraft:wooden_sword":9,"minecraft:dirt":7,"minecraft:crafting_table":1,"tombstone:gift":7},"minecraft:picked_up":{"minecraft:leather_chestplate":3,"minecraft:leather_leggings":3,"ecologics:coconut_planks":25,"tombstone:grave_key":11,"tombstone:grave_dust":2,"minecraft:spruce_log":2,"minecraft:leather_helmet":3,"minecraft:dirt":9,"minecraft:leather_boots":4,"minecraft:armor_stand":4,"minecraft:rotten_flesh":5,"minecraft:hay_block":16,"ecologics:coconut_log":14,"minecraft:dark_oak_sign":1,"tombstone:bag_of_seeds":1,"minecraft:poppy":1},"minecraft:dropped":{"minecraft:leather_chestplate":2,"tombstone:bag_of_seeds":1,"ecologics:coconut_planks":62,"tombstone:grave_key":17,"minecraft:leather_boots":3,"ecologics:coconut_log":1,"tombstone:grave_dust":2,"minecraft:leather_leggings":2,"minecraft:coal":1,"minecraft:leather_helmet":2,"minecraft:bone":4,"minecraft:stick":1},"minecraft:killed_by":{"undead_revamp2:thehunter":1,"born_in_chaos_v1:corpse_fly":1,"minecraft:player":1,"undead_revamp2:the_moonflower":2,"alexsmobs:tusklin":3,"minecraft:spider":2,"luminousworld:frost_bitten_skeleton":1}},"DataVersion":3465}