{"stats":{"minecraft:used":{"minecraft:repeating_command_block":20,"minecraft:chain_command_block":27,"minecraft:acacia_button":1,"minecraft:stone":94,"minecraft:red_wool":2,"minecraft:command_block":10,"minecraft:grass_block":16},"minecraft:custom":{"minecraft:jump":100,"minecraft:time_since_rest":16639,"minecraft:damage_dealt":62,"minecraft:damage_taken":1040,"minecraft:crouch_one_cm":2996,"minecraft:leave_game":3,"minecraft:play_time":28898,"minecraft:sprint_one_cm":5998,"minecraft:time_since_death":16610,"minecraft:walk_one_cm":22520,"minecraft:deaths":4,"minecraft:sneak_time":1294,"minecraft:total_world_time":28898,"minecraft:fall_one_cm":967,"minecraft:fly_one_cm":105531}},"DataVersion":2975}