{"stats":{"minecraft:killed":{"minecraft:creeper":1,"luminousworld:crab":1,"minecraft:zombie":1,"born_in_chaos_v1:dark_vortex":1,"enemyexpansion:slugger":2},"minecraft:used":{"minecraft:water_bucket":2,"born_in_chaos_v1:ethereal_spirit":5,"minecraft:stripped_birch_log":2,"minecraft:armor_stand":4,"minecraft:stone_pickaxe":49,"minecraft:ender_pearl":7,"minecraft:shield":8,"minecraft:wooden_pickaxe":9,"minecraft:iron_sword":29,"minecraft:rotten_flesh":3,"minecraft:golden_apple":6,"minecraft:dirt":23,"minecraft:crafting_table":1,"tombstone:bag_of_seeds":1,"minecraft:wooden_axe":20,"minecraft:diamond_pickaxe":7,"quark:pickarang":49,"minecraft:bread":7,"tombstone:grave_key":2,"minecraft:wooden_sword":10,"minecraft:cobblestone":39,"minecraft:bucket":2,"tombstone:gift":7},"minecraft:crafted":{"minecraft:wooden_sword":1,"minecraft:crafting_table":1,"ecologics:coconut_planks":56,"minecraft:wooden_pickaxe":1,"minecraft:stone_axe":1,"tombstone:grave_key":6,"minecraft:stick":12,"minecraft:stone_pickaxe":1,"minecraft:wooden_axe":1,"minecraft:stone_sword":1},"minecraft:picked_up":{"minecraft:crafting_table":1,"minecraft:leather_chestplate":3,"minecraft:leather_leggings":3,"ecologics:coconut_planks":25,"minecraft:oak_stairs":1,"tombstone:grave_key":11,"minecraft:dirt":25,"minecraft:leather_boots":4,"minecraft:armor_stand":4,"minecraft:wheat_seeds":2,"tombstone:bag_of_seeds":1,"minecraft:dark_oak_sign":1,"minecraft:poppy":1,"minecraft:egg":1,"minecraft:scaffolding":4,"minecraft:raw_iron":14,"born_in_chaos_v1:ethereal_spirit":1,"born_in_chaos_v1:dark_rod":1,"tombstone:grave_dust":4,"minecraft:spruce_log":2,"minecraft:leather_helmet":3,"minecraft:rotten_flesh":10,"ecologics:coconut_log":14,"minecraft:hay_block":22,"minecraft:diamond_axe":1,"minecraft:bread":3,"minecraft:coal":16,"minecraft:cobblestone":29},"minecraft:mined":{"minecraft:scaffolding":3,"luminousworld:blueberrybush":3,"minecraft:grass_block":7,"minecraft:cobblestone":2,"luminousworld:blackberrybush":1,"minecraft:tall_grass":1,"ecologics:coconut_log":13,"minecraft:spruce_leaves":1,"minecraft:hay_block":22,"minecraft:dark_oak_wall_sign":1,"minecraft:iron_ore":15,"minecraft:spruce_log":2,"minecraft:grass":9,"minecraft:coal_ore":17,"minecraft:oak_stairs":1,"minecraft:dirt":17,"luminousworld:grassvariant_3":1,"minecraft:stone":29,"minecraft:oak_leaves":1},"minecraft:killed_by":{"undead_revamp2:thehunter":1,"minecraft:player":1,"undead_revamp2:the_moonflower":2,"minecraft:spider":2,"luminousworld:frost_bitten_skeleton":1,"born_in_chaos_v1:corpse_fly":1,"alexsmobs:tusklin":3},"minecraft:dropped":{"quark:pickarang":1,"minecraft:bread":13,"ecologics:coconut_planks":62,"minecraft:diamond_axe":1,"minecraft:ender_pearl":2,"ecologics:coconut_log":1,"minecraft:coal":1,"minecraft:leather_helmet":2,"minecraft:stick":1,"minecraft:leather_chestplate":2,"tombstone:bag_of_seeds":1,"minecraft:hay_block":5,"tombstone:grave_key":17,"minecraft:leather_boots":3,"tombstone:grave_dust":2,"minecraft:leather_leggings":2,"minecraft:bone":4},"minecraft:custom":{"minecraft:mob_kills":6,"minecraft:interact_with_crafting_table":5,"minecraft:open_barrel":2,"minecraft:leave_game":4,"minecraft:time_since_death":35056,"minecraft:climb_one_cm":337,"minecraft:time_since_rest":34726,"minecraft:damage_absorbed":166,"minecraft:sprint_one_cm":167079,"minecraft:damage_taken":4110,"minecraft:walk_one_cm":114678,"minecraft:damage_blocked_by_shield":375,"tombstone:sneak_grave":11,"minecraft:drop":58,"minecraft:damage_dealt":3704,"minecraft:swim_one_cm":14300,"minecraft:fly_one_cm":494293,"minecraft:player_kills":6,"minecraft:open_chest":6,"minecraft:crouch_one_cm":13314,"minecraft:play_time":117050,"tombstone:undead_killed":3,"minecraft:deaths":19,"minecraft:sneak_time":4453,"minecraft:walk_under_water_one_cm":1573,"tombstone:tomb_raiding":2,"minecraft:jump":1946,"minecraft:walk_on_water_one_cm":9066,"minecraft:total_world_time":117050,"minecraft:fall_one_cm":57204}},"DataVersion":3465}