{
  "minecraft:recipes/decorations/red_glazed_terracotta": {
    "criteria": {
      "has_red_terracotta": "2024-10-07 19:45:41 +0000"
    },
    "done": true
  },
  "minecraft:recipes/decorations/campfire": {
    "criteria": {
      "has_stick": "2024-10-07 19:48:01 +0000"
    },
    "done": true
  },
  "minecraft:recipes/decorations/soul_campfire": {
    "criteria": {
      "has_stick": "2024-10-07 19:48:01 +0000"
    },
    "done": true
  },
  "minecraft:recipes/combat/wooden_sword": {
    "criteria": {
      "has_stick": "2024-10-07 19:48:01 +0000"
    },
    "done": true
  },
  "minecraft:recipes/combat/crossbow": {
    "criteria": {
      "has_stick": "2024-10-07 19:48:01 +0000"
    },
    "done": true
  },
  "minecraft:recipes/tools/wooden_pickaxe": {
    "criteria": {
      "has_stick": "2024-10-07 19:48:01 +0000"
    },
    "done": true
  },
  "minecraft:recipes/tools/wooden_hoe": {
    "criteria": {
      "has_stick": "2024-10-07 19:48:01 +0000"
    },
    "done": true
  },
  "minecraft:recipes/tools/wooden_axe": {
    "criteria": {
      "has_stick": "2024-10-07 19:48:01 +0000"
    },
    "done": true
  },
  "minecraft:recipes/decorations/ladder": {
    "criteria": {
      "has_stick": "2024-10-07 19:48:01 +0000"
    },
    "done": true
  },
  "minecraft:adventure/adventuring_time": {
    "criteria": {
      "minecraft:eroded_badlands": "2024-10-07 19:45:45 +0000",
      "minecraft:wooded_badlands": "2024-10-07 19:45:34 +0000",
      "minecraft:badlands": "2024-10-07 19:42:52 +0000",
      "minecraft:beach": "2024-10-07 19:41:23 +0000",
      "minecraft:sparse_jungle": "2024-10-07 19:45:24 +0000",
      "minecraft:river": "2024-10-07 19:42:38 +0000",
      "minecraft:forest": "2024-10-07 19:41:46 +0000",
      "minecraft:desert": "2024-10-07 23:52:05 +0000",
      "minecraft:jungle": "2024-10-07 19:41:07 +0000",
      "minecraft:savanna": "2024-10-07 19:42:57 +0000",
      "minecraft:plains": "2024-10-07 19:42:40 +0000"
    },
    "done": false
  },
  "minecraft:recipes/tools/wooden_shovel": {
    "criteria": {
      "has_stick": "2024-10-07 19:48:01 +0000"
    },
    "done": true
  },
  "DataVersion": 2975
}